{
    "data": {
        "accountDetails": [
            {
                "account": {
                    "lastFourDigit": "8140",
                    "ceid": "C15212053535882500025010",
                    "type": "C",
                    "autopay": "Disabled",
                    "lastStmtDate": "20151201",
                    "lastStmtBalance": "NA",
                    "minPayDue": "NA",
                    "minPayDate": "1227",
                    "computedMinPayDate": "20151227",
                    "nextStatementDate": "20160101",
                    "dilqAmt": "0",
                    "status" : "Active",
                    "paymentPastDue": "false",
                    "lastPaymentDate": "20151105",
                    "lastPaymentAmt": "564.01",
                    "balanceAsOf": "2015-12-16-07:00",
                    "accountHolder": {
                        "address": {
                            "line1": "TEST",
                            "line2": "TEST",
                            "city": "SANTA CLARA",
                            "stateCode": "CA",
                            "postalCode": "95035"
                        },
                        "birthDate": "19900101",
                        "firstName": "CONTROL",
                        "homePhone": "9999999999",
                        "lastName": "SVB MULTI",
                        "ssn": "123456789",
                        "status": "Active",
                        "statementPreference": " ",
                        "workPhone": "1111111111",
                        "workEmail": "RAMS1.CARDS@SVB.COM"
                    }
                }
            }
        ],
        "result": {
            "messageCode": "0",
            "message": "Account Smumary retrieved successfully"
        }
    }
}
