{
  "data": {
	"programDetails": [
	  {
		"program": {
		  "companyLimit": "200000",
		  "availableCredit": "36457",
		  "currentBalance": "15353",
		  "companyId": "10A5051",
		  "companyName": "Tcs Tech",
		  "billingCycleCode": "31",
		  "pending": "10000"
		},
		"result": {
		  "messageCode": "0",
		  "message": "Company view details retrieved successfully"
		}
	  },
	  {
		"program": {
		  "companyLimit": "300000",
		  "availableCredit": "10000",
		  "currentBalance": "100000",
		  "companyId": "10001400",
		  "companyName": "SVB Finance Group Pvt Ltd",
		  "billingCycleCode": "31",
		  "pending": "100000"
		},
		"result": {
		  "messageCode": "0",
		  "message": "Company view details retrieved successfully"
		}
	  },{
            "program": {
                "companyLimit": "200000",
                "availableCredit": "36457",
                "currentBalance": "15353",
                "companyId": "10001401",
                "companyName": "Tcs Tech",
                "billingCycleCode": "31",
                "pending": "10000"
            },
            "result": {
                "messageCode": "0",
                "message": "Company view details retrieved successfully"
            }
        },
        {
            "program": {
                "companyLimit": "200000",
                "availableCredit": "36457",
                "currentBalance": "15353",
                "companyId": "11A3722",
                "companyName": "Tcs Tech",
                "billingCycleCode": "31",
                "pending": "10000"
            },
            "result": {
                "messageCode": "0",
                "message": "Company view details retrieved successfully"
            }
        },
        {
            "program": {
                "companyLimit": "200000",
                "availableCredit": "36457",
                "currentBalance": "15353",
                "companyId": "10001403",
                "companyName": "Tcs Tech",
                "billingCycleCode": "31",
                "pending": "10000"
            },
            "result": {
                "messageCode": "0",
                "message": "Company view details retrieved successfully"
            }
        },
        {
            "program": {
                "companyLimit": "200000",
                "availableCredit": "36457",
                "currentBalance": "15353",
                "companyId": "10001404",
                "companyName": "Tcs Tech",
                "billingCycleCode": "31",
                "pending": "10000"
            },
            "result": {
                "messageCode": "0",
                "message": "Company view details retrieved successfully"
            }
        },
        {
            "program": {
                "companyLimit": "200000",
                "availableCredit": "36457",
                "currentBalance": "15353",
                "companyId": "10001405",
                "companyName": "Tcs Tech",
                "billingCycleCode": "31",
                "pending": "10000"
            },
            "result": {
                "messageCode": "0",
                "message": "Company view details retrieved successfully"
            }
        }
	],
	"result": {
	  "messageCode": "0",
	  "message": "Copany view details retrieved succesfully"
	}
  }
}