{
    "data": [{
        "accountDetails": {
            "account": {
                "id": "cdc123122"
            },
            "result": {
                "messageCode": "1",
                "message": "Service completed successfully."
            }
        }
    }, {
        "accountDetails": {
            "account": {
                "id": "cdc123121"
            },
            "result": {
                "messageCode": "0",
                "message": "Service completed successfully."
            }
        }
    }, {
        "accountDetails": {
            "account": {
                "id": "cdc123124"
            },
            "result": {
                "messageCode": "1",
                "message": "Service completed successfully."
            }
        }
    }, {
        "accountDetails": {
            "account": {
                "id": "cdc123125"
            },
            "result": {
                "messageCode": "0",
                "message": "Service completed successfully."
            }
        }
    }, {
        "accountDetails": {
            "account": {
                "id": "cdc123123"
            },
            "result": {
                "messageCode": "1",
                "message": "Service completed successfully."
            }
        }
    }]
}