{
  "data": {
    "accountDetails": [
      {
        "account": {
          "ceid": "1000000002",
          "lastFourDigit": "2222",
          "cardHolderName": "Vinoth",

          "spendLimit": {
            "isSpendLimitUp": "true",
            "isSpendLimitDown": "false",
            "fromDate": "02/05/2015",
            "ToDate": "06/22/2015"
          }
        },
        "result": {
          "messageCode": "0",
          "message": "Flag details retrieved successfully"
        }
      },
      {
        "account": {
          "ceid": "1000000003",
          "lastFourDigit": "5678",
          "cardHolderName": "Steven",
          "spendLimit": {
            "isSpendLimitUp": "true",
            "isSpendLimitDown": "false",
            "fromDate": "01/24/2015",
            "ToDate": "07/18/2015"
          }
        },
        "result": {
          "messageCode": "0",
          "message": "Flag details retrieved successfully"
        }
      },
      {
        "account": {
          "ceid": "1000000004",
          "lastFourDigit": "4325",
          "cardHolderName": "Finn",

          "spendLimit": {
            "isSpendLimitUp": "true",
            "isSpendLimitDown": "false",
            "fromDate": "04/22/2015",
            "ToDate": "06/05/2015"
          }
        },
        "result": {
          "messageCode": "0",
          "message": "Flag details retrieved successfully"
        }
      },
      {
        "account": {
          "ceid": "1000000005",
          "lastFourDigit": "8654",
          "cardHolderName": "aravindh",

          "spendLimit": {
            "isSpendLimitUp": "true",
            "isSpendLimitDown": "false",
            "fromDate": "xx",
            "ToDate": "xx"
          }
        },
        "result": {
          "messageCode": "0",
          "message": "Flag details retrieved successfully"
        }
      },
      {
        "account": {
          "ceid": "1000000006",
          "lastFourDigit": "7456",
          "cardHolderName": "becky",

          "spendLimit": {
            "isSpendLimitUp": "true",
            "isSpendLimitDown": "false",
            "fromDate": "06/12/2015",
            "ToDate": "05/22/2015"
          }
        },
        "result": {
          "messageCode": "0",
          "message": "Flag details retrieved successfully"
        }
      },
      {
        "account": {
          "ceid": "1000000007",
          "lastFourDigit": "3210",
          "cardHolderName": "Parlton",

          "spendLimit": {
            "isSpendLimitUp": "true",
            "isSpendLimitDown": "false",
            "fromDate": "04/03/2014",
            "ToDate": "06/05/2015"
          }
        },
        "result": {
          "messageCode": "0",
          "message": "Flag details retrieved successfully"
        }
      },
      {
        "account": {
          "ceid": "1000000008",
          "lastFourDigit": "5409",
          "cardHolderName": "candy",

          "spendLimit": {
            "isSpendLimitUp": "true",
            "isSpendLimitDown": "false",
            "fromDate": "06/05/2015",
            "ToDate": "06/22/2015"
          }
        },
        "result": {
          "messageCode": "0",
          "message": "Flag details retrieved successfully"
        }
      },
      {
        "account": {
          "ceid": "1000000009",
          "lastFourDigit": "0987",
          "cardHolderName": "stokes",

          "spendLimit": {
            "isSpendLimitUp": "true",
            "isSpendLimitDown": "false",
            "fromDate": "02/09/2015",
            "ToDate": "03/02/2015"
          }
        },
        "result": {
          "messageCode": "0",
          "message": "Flag details retrieved successfully"
        }
      },
      {
        "account": {
          "ceid": "1000000010",
          "lastFourDigit": "2148",
          "cardHolderName": "richardson",

          "spendLimit": {
            "isSpendLimitUp": "true",
            "isSpendLimitDown": "false",
            "fromDate": "04/20/2015",
            "ToDate": "06/02/2015"
          }
        },
        "result": {
          "messageCode": "0",
          "message": "Flag details retrieved successfully"
        }
      },

      {
        "account": {
          "ceid": "1000000011",
          "lastFourDigit": "9922",
          "cardHolderName": "will smith",

          "spendLimit": {
            "isSpendLimitUp": "true",
            "isSpendLimitDown": "false",
            "fromDate": "03/15/2015",
            "ToDate": "04/30/2015"
          }
        },
        "result": {
          "messageCode": "0",
          "message": "Flag details retrieved successfully"
        }
      },
      {
        "account": {
          "ceid": "1000000012",
          "lastFourDigit": "4123",
          "cardHolderName": "hawkins",

          "spendLimit": {
            "isSpendLimitUp": "true",
            "isSpendLimitDown": "false",
            "fromDate": "03/22/2015",
            "ToDate": "06/23/2015"
          }
        },
        "result": {
          "messageCode": "0",
          "message": "Flag details retrieved successfully"
        }
      },
      {
        "account": {
          "ceid": "1000000013",
          "lastFourDigit": "5466",
          "cardHolderName": "satya nadella",

          "spendLimit": {
            "isSpendLimitUp": "true",
            "isSpendLimitDown": "false",
            "fromDate": "05/20/2015",
            "ToDate": "06/22/2015"
          }
        },
        "result": {
          "messageCode": "0",
          "message": "Flag details retrieved successfully"
        }
      },
      {
        "account": {
          "ceid": "1000000014",
          "lastFourDigit": "4123",
          "cardHolderName": "fdfasd",

          "spendLimit": {
            "isSpendLimitUp": "true",
            "isSpendLimitDown": "false",
            "fromDate": "12/05/2014",
            "ToDate": "03/28/2015"
          }
        },
        "result": {
          "messageCode": "0",
          "message": "Flag details retrieved successfully"
        }
      },


      {
        "account": {
          "ceid": "1000000015",
          "lastFourDigit": "4252",
          "cardHolderName": "sdghw qtgh",

          "spendLimit": {
            "isSpendLimitUp": "true",
            "isSpendLimitDown": "false",
            "fromDate": "03/26/2015",
            "ToDate": "04/12/2015"
          }
        },
        "result": {
          "messageCode": "0",
          "message": "Flag details retrieved successfully"
        }
      },
      {
        "account": {
          "ceid": "1000000016",
          "lastFourDigit": "1414",
          "cardHolderName": "bbbbhb",

          "spendLimit": {
            "isSpendLimitUp": "true",
            "isSpendLimitDown": "false",
            "fromDate": "02/27/2015",
            "ToDate": "03/26/2015"
          }
        },
        "result": {
          "messageCode": "0",
          "message": "Flag details retrieved successfully"
        }
      },
      {
        "account": {
          "ceid": "1000000017",
          "lastFourDigit": "7212",
          "cardHolderName": "uuuuu",

          "spendLimit": {
            "isSpendLimitUp": "true",
            "isSpendLimitDown": "false",
            "fromDate": "03/24/2015",
            "ToDate": "06/25/2015"
          }
        },
        "result": {
          "messageCode": "0",
          "message": "Flag details retrieved successfully"
        }
      },
      {
        "account": {
          "ceid": "1000000018",
          "lastFourDigit": "2227",
          "cardHolderName": "bbjkbkbb jkbjkb",

          "spendLimit": {
            "isSpendLimitUp": "true",
            "isSpendLimitDown": "false",
            "fromDate": "05/26/2015",
            "ToDate": "06/12/2015"
          }
        },
        "result": {
          "messageCode": "0",
          "message": "Flag details retrieved successfully"
        }
      },
      {
        "account": {
          "ceid": "1000000019",
          "lastFourDigit": "1728",
          "cardHolderName": "bbbhbhbhbb jkbjkbjbhjb",

          "spendLimit": {
            "isSpendLimitUp": "true",
            "isSpendLimitDown": "false",
            "fromDate": "02/16/2015",
            "ToDate": "03/28/2015"
          }
        },
        "result": {
          "messageCode": "0",
          "message": "Flag details retrieved successfully"
        }
      },
      {
        "account": {
          "ceid": "1000000020",
          "lastFourDigit": "7939",
          "cardHolderName": "vvfcgfbbb kbjkbnhkbkb",

          "spendLimit": {
            "isSpendLimitUp": "true",
            "isSpendLimitDown": "false",
            "fromDate": "03/29/2015",
            "ToDate": "04/24/2015"
          }
        },
        "result": {
          "messageCode": "0",
          "message": "Flag details retrieved successfully"
        }
      },
      {
        "account": {
          "ceid": "1000000021",
          "lastFourDigit": "0252",
          "cardHolderName": "biohjbxscbb",

          "spendLimit": {
            "isSpendLimitUp": "true",
            "isSpendLimitDown": "false",
            "fromDate": "01/23/2015",
            "ToDate": "03/22/2015"
          }
        },
        "result": {
          "messageCode": "0",
          "message": "Flag details retrieved successfully"
        }
      },
      {
        "account": {
          "ceid": "1000000022",
          "lastFourDigit": "3360",
          "cardHolderName": "jiobnjkbjbkj",

          "spendLimit": {
            "isSpendLimitUp": "true",
            "isSpendLimitDown": "false",
            "fromDate": "03/20/2015",
            "ToDate": "04/16/2015"
          }
        },
        "result": {
          "messageCode": "0",
          "message": "Flag details retrieved successfully"
        }
      },
      {
        "account": {
          "ceid": "1000000023",
          "lastFourDigit": "8154",
          "cardHolderName": "oibbbob",

          "spendLimit": {
            "isSpendLimitUp": "true",
            "isSpendLimitDown": "false",
            "fromDate": "06/25/2015",
            "ToDate": "06/26/2015"
          }
        },
        "result": {
          "messageCode": "0",
          "message": "Flag details retrieved successfully"
        }
      },
      {
        "account": {
          "ceid": "1000000024",
          "lastFourDigit": "0789",
          "cardHolderName": "obobob",

          "spendLimit": {
            "isSpendLimitUp": "true",
            "isSpendLimitDown": "false",
            "fromDate": "03/27/2015",
            "ToDate": "07/23/2015"
          }
        },
        "result": {
          "messageCode": "0",
          "message": "Flag details retrieved successfully"
        }
      },
      {
        "account": {
          "ceid": "1000000025",
          "lastFourDigit": "4510",
          "cardHolderName": "dxvbvvbh",

          "spendLimit": {
            "isSpendLimitUp": "true",
            "isSpendLimitDown": "false",
            "fromDate": "04/16/2015",
            "ToDate": "04/29/2015"
          }
        },
        "result": {
          "messageCode": "0",
          "message": "Flag details retrieved successfully"
        }
      },
      {
        "account": {
          "ceid": "1000000026",
          "lastFourDigit": "5269",
          "cardHolderName": "iobnoibnnono",

          "spendLimit": {
            "isSpendLimitUp": "true",
            "isSpendLimitDown": "false",
            "fromDate": "02/11/2015",
            "ToDate": "06/13/2015"
          }
        },
        "result": {
          "messageCode": "0",
          "message": "Flag details retrieved successfully"
        }
      },
      {
        "account": {
          "ceid": "1000000027",
          "lastFourDigit": "2837",
          "cardHolderName": "trshbhbhb",

          "spendLimit": {
            "isSpendLimitUp": "true",
            "isSpendLimitDown": "false",
            "fromDate": "01/22/2015",
            "ToDate": "02/17/2015"
          }
        },
        "result": {
          "messageCode": "0",
          "message": "Flag details retrieved successfully"
        }
      },
      {
        "account": {
          "ceid": "1000000028",
          "lastFourDigit": "7193",
          "cardHolderName": "iohuiih",

          "spendLimit": {
            "isSpendLimitUp": "true",
            "isSpendLimitDown": "false",
            "fromDate": "03/20/2015",
            "ToDate": "08/24/2015"
          }
        },
        "result": {
          "messageCode": "0",
          "message": "Flag details retrieved successfully"
        }
      },
      {
        "account": {
          "ceid": "1000000029",
          "lastFourDigit": "1093",
          "cardHolderName": "uihihhuh",

          "spendLimit": {
            "isSpendLimitUp": "true",
            "isSpendLimitDown": "false",
            "fromDate": "02/14/2015",
            "ToDate": "03/16/2015"
          }
        },
        "result": {
          "messageCode": "0",
          "message": "Flag details retrieved successfully"
        }
      },
      {
        "account": {
          "ceid": "1000000030",
          "lastFourDigit": "3023",
          "cardHolderName": "tytytyyyt",

          "spendLimit": {
            "isSpendLimitUp": "true",
            "isSpendLimitDown": "false",
            "fromDate": "06/20/2015",
            "ToDate": "08/23/2015"
          }
        },
        "result": {
          "messageCode": "0",
          "message": "Flag details retrieved successfully"
        }
      },
      {
        "account": {
          "ceid": "1000000031",
          "lastFourDigit": "3360",
          "cardHolderName": "yutryuiut",

          "spendLimit": {
            "isSpendLimitUp": "true",
            "isSpendLimitDown": "false",
            "fromDate": "03/25/2015",
            "ToDate": "04/23/2015"
          }
        },
        "result": {
          "messageCode": "0",
          "message": "Flag details retrieved successfully"
        }
      },
      {
        "account": {
          "ceid": "1000000032",
          "lastFourDigit": "8903",
          "cardHolderName": "yuyoyyryu",

          "spendLimit": {
            "isSpendLimitUp": "true",
            "isSpendLimitDown": "false",
            "fromDate": "04/26/2015",
            "ToDate": "05/27/2015"
          }
        },
        "result": {
          "messageCode": "0",
          "message": "Flag details retrieved successfully"
        }
      },
      {
        "account": {
          "ceid": "1000000033",
          "lastFourDigit": "9651",
          "cardHolderName": "xssdddsdd",

          "spendLimit": {
            "isSpendLimitUp": "true",
            "isSpendLimitDown": "false",
            "fromDate": "06/15/2015",
            "ToDate": "08/23/2015"
          }
        },
        "result": {
          "messageCode": "0",
          "message": "Flag details retrieved successfully"
        }
      },
      {
        "account": {
          "ceid": "1000000034",
          "lastFourDigit": "5845",
          "cardHolderName": "opopopoopo",

          "spendLimit": {
            "isSpendLimitUp": "true",
            "isSpendLimitDown": "false",
            "fromDate": "01/19/2015",
            "ToDate": "06/18/2015"
          }
        },
        "result": {
          "messageCode": "0",
          "message": "Flag details retrieved successfully"
        }
      },
      {
        "account": {
          "ceid": "1000000035",
          "lastFourDigit": "0148",
          "cardHolderName": "uytrygf",

          "spendLimit": {
            "isSpendLimitUp": "true",
            "isSpendLimitDown": "false",
            "fromDate": "03/27/2015",
            "ToDate": "04/18/2015"
          }
        },
        "result": {
          "messageCode": "0",
          "message": "Flag details retrieved successfully"
        }
      },
      {
        "account": {
          "ceid": "1000000036",
          "lastFourDigit": "3360",
          "cardHolderName": "unjhbbb",

          "spendLimit": {
            "isSpendLimitUp": "true",
            "isSpendLimitDown": "false",
            "fromDate": "07/25/2015",
            "ToDate": "08/26/2015"
          }
        },
        "result": {
          "messageCode": "0",
          "message": "Flag details retrieved successfully"
        }
      },
      {
        "account": {
          "ceid": "1000000037",
          "lastFourDigit": "8421",
          "cardHolderName": "garfiels",

          "spendLimit": {
            "isSpendLimitUp": "true",
            "isSpendLimitDown": "false",
            "fromDate": "11/25/2014",
            "ToDate": "03/27/2015"
          }
        },
        "result": {
          "messageCode": "0",
          "message": "Flag details retrieved successfully"
        }
      },
      {
        "account": {
          "ceid": "1000000038",
          "lastFourDigit": "6148",
          "cardHolderName": "jerry",

          "spendLimit": {
            "isSpendLimitUp": "true",
            "isSpendLimitDown": "false",
            "fromDate": "07/15/2015",
            "ToDate": "08/17/2015"
          }
        },
        "result": {
          "messageCode": "0",
          "message": "Flag details retrieved successfully"
        }
      },
      {
        "account": {
          "ceid": "1000000039",
          "lastFourDigit": "2648",
          "cardHolderName": "raj kumar",

          "spendLimit": {
            "isSpendLimitUp": "true",
            "isSpendLimitDown": "false",
            "fromDate": "04/28/2015",
            "ToDate": "06/24/2015"
          }
        },
        "result": {
          "messageCode": "0",
          "message": "Flag details retrieved successfully"
        }
      },
      {
        "account": {
          "ceid": "1000000040",
          "lastFourDigit": "7386",
          "cardHolderName": "jagan",

          "spendLimit": {
            "isSpendLimitUp": "true",
            "isSpendLimitDown": "false",
            "fromDate": "07/19/2015",
            "ToDate": "07/29/2015"
          }
        },
        "result": {
          "messageCode": "0",
          "message": "Flag details retrieved successfully"
        }
      },
      {
        "account": {
          "ceid": "1000000041",
          "lastFourDigit": "5115",
          "cardHolderName": "kishore",

          "spendLimit": {
            "isSpendLimitUp": "true",
            "isSpendLimitDown": "false",
            "fromDate": "06/26/2015",
            "ToDate": "07/24/2015"
          }
        },
        "result": {
          "messageCode": "0",
          "message": "Flag details retrieved successfully"
        }
      },
      {
        "account": {
          "ceid": "1000000042",
          "lastFourDigit": "8624",
          "cardHolderName": "babu",

          "spendLimit": {
            "isSpendLimitUp": "true",
            "isSpendLimitDown": "false",
            "fromDate": "03/29/2015",
            "ToDate": "04/24/2015"
          }
        },
        "result": {
          "messageCode": "0",
          "message": "Flag details retrieved successfully"
        }
      },
      {
        "account": {
          "ceid": "1000000043",
          "lastFourDigit": "8426",
          "cardHolderName": "santosh",

          "spendLimit": {
            "isSpendLimitUp": "true",
            "isSpendLimitDown": "false",
            "fromDate": "05/17/2015",
            "ToDate": "05/27/2015"
          }
        },
        "result": {
          "messageCode": "0",
          "message": "Flag details retrieved successfully"
        }
      },
      {
        "account": {
          "ceid": "1000000044",
          "lastFourDigit": "5632",
          "cardHolderName": "vasu",

          "spendLimit": {
            "isSpendLimitUp": "true",
            "isSpendLimitDown": "false",
            "fromDate": "05/11/2015",
            "ToDate": "16/21/2015"
          }
        },
        "result": {
          "messageCode": "0",
          "message": "Flag details retrieved successfully"
        }
      },
      {
        "account": {
          "ceid": "1000000045",
          "lastFourDigit": "2148",
          "cardHolderName": "potter",

          "spendLimit": {
            "isSpendLimitUp": "true",
            "isSpendLimitDown": "false",
            "fromDate": "04/30/2015",
            "ToDate": "05/13/2015"
          }
        },
        "result": {
          "messageCode": "0",
          "message": "Flag details retrieved successfully"
        }
      },
      {
        "account": {
          "ceid": "1000000046",
          "lastFourDigit": "5369",
          "cardHolderName": "harry",

          "spendLimit": {
            "isSpendLimitUp": "true",
            "isSpendLimitDown": "false",
            "fromDate": "12/24/2014",
            "ToDate": "08/15/2015"
          }
        },
        "result": {
          "messageCode": "0",
          "message": "Flag details retrieved successfully"
        }
      },
      {
        "account": {
          "ceid": "1000000047",
          "lastFourDigit": "0135",
          "cardHolderName": "voenr",

          "spendLimit": {
            "isSpendLimitUp": "true",
            "isSpendLimitDown": "false",
            "fromDate": "03/13/2015",
            "ToDate": "04/17/2015"
          }
        },
        "result": {
          "messageCode": "0",
          "message": "Flag details retrieved successfully"
        }
      },
      {
        "account": {
          "ceid": "1000000048",
          "lastFourDigit": "8743",
          "cardHolderName": "tam",

          "spendLimit": {
            "isSpendLimitUp": "true",
            "isSpendLimitDown": "false",
            "fromDate": "04/23/2015",
            "ToDate": "08/27/2015"
          }
        },
        "result": {
          "messageCode": "0",
          "message": "Flag details retrieved successfully"
        }
      },
      {
        "account": {
          "ceid": "1000000049",
          "lastFourDigit": "9870",
          "cardHolderName": "vinoth",

          "spendLimit": {
            "isSpendLimitUp": "true",
            "isSpendLimitDown": "false",
            "fromDate": "03/08/2015",
            "ToDate": "04/09/2015"
          }
        },
        "result": {
          "messageCode": "0",
          "message": "Flag details retrieved successfully"
        }
      },
      {
        "account": {
          "ceid": "1000000050",
          "lastFourDigit": "9999",
          "cardHolderName": "asdfas",

          "spendLimit": {
            "isSpendLimitUp": "true",
            "isSpendLimitDown": "false",
            "fromDate": "03/29/2015",
            "ToDate": "08/24/2015"
          }
        },
        "result": {
          "messageCode": "0",
          "message": "Flag details retrieved successfully"
        }
      }

    ],
    "result": {
      "messageCode": "0",
      "message": "Flag details retrieved succesfully"
    }
  }
}
