{
  "data": [{
    "accountDetails": {
      "account": {
        "ceid": "1",
        "encAccntNumber": "1",
        "spendLimit": {
          "newLimit": "16161",
          "currentLimit": "60000",
          "status": "PA",
          "fromDate": "05/26/2016",
          "toDate": "05/28/2016"
        },
        "cashAdvance": {
          "status": "PA",
          "isCashAdvanceEnable": "Disable"
        }
      }
    }
  }, {
    "accountDetails": {
      "account": {
        "ceid": "2",
        "encAccntNumber": "2",
        "spendLimit": {

        },
        "cashAdvance": {
          "isCashAdvanceEnable": "Disable"
        }
      }
    }
  },
    {
      "accountDetails": {
        "account": {
          "ceid": "3",
          "encAccntNumber": "3",
          "spendLimit": {
            "newLimit": "45543",
            "currentLimit": "60000",
            "status": "IC",
            "fromDate": "04/26/2016",
            "toDate": "05/27/2016"
          },
          "cashAdvance": {
            "status": "IC",
            "isCashAdvanceEnable": "Enable"
          }
        }
      }
    },
    {
      "accountDetails": {
        "account": {
          "ceid": "4",
          "encAccntNumber": "4",
          "spendLimit": {
            "newLimit": "2000",
            "currentLimit": "60000",
            "status": "SCHEDULED",
            "fromDate": "05/29/2016",
            "toDate": "05/31/2016"
          },
          "cashAdvance": {
            "status": "PA",
            "isCashAdvanceEnable": "Y"
          }
        }
      }
    },
    {
      "accountDetails": {
        "account": {
          "ceid": "5",
          "encAccntNumber": "5",
          "spendLimit": {
          },
          "cashAdvance": {
            "status": "PA",
            "isCashAdvanceEnable": "N"
          }
        }
      }
    }]
}