{
  "data": {
    "newCards": [
      {
        "card": {
          "id": "1234",
          "cardFormat": "Non-Plastic",
          "fullName": "Ram",
          "firstName": "Ram",
            "lastName": "Subramanian",
          "nameOnCard": "asdfasdf",
          "empId": "asdfasdf",
          "dob": "11/11/2015",
          "ssn": "3423",
          "creditLimit": "342344",
          "email": "asdf@sdfd.com",
          "cellPh": "312-423-1432",
          "businessPh": "234-234-2342",
            "workflowId":"12345",
          "address": {
            "line1": "TEST",
            "line2": "TEST",
            "city": "SANTA CLARA",
            "stateCode": "CA",
            "postalCode": "95035"
          },
          "cardDelivery": "Standard",
          "isCashAdvanceEnable": "No",
          "isUsCitizen": "No",
          "initiator": "adfd",
          "initiatorName": "asdf"
        }},{
        "card": {
          "id": "123",
          "cardFormat": "Non-Plastic",
          "fullName": "sdafsdaf",
          "firstName": "sdafsdaf",
            "lastName": "Subramanian",
          "nameOnCard": "asdfasdf",
          "empId": "asdfasdf",
          "dob": "11/11/2015",
          "ssn": "3423",
          "creditLimit": "342344",
          "email": "asdf@sdfd.com",
          "cellPh": "312-423-1432",
          "businessPh": "234-234-2342",
            "workflowId":"222",
          "address": {
            "line1": "TEST",
            "line2": "TEST",
            "city": "SANTA CLARA",
            "stateCode": "CA",
            "postalCode": "95035"
          },
          "cardDelivery": "Standard",
          "isCashAdvanceEnable": "Yes",
          "isUsCitizen": "No",
          "initiator": "adfd",
          "initiatorName": "asdf"
        }
      }
    ],
    "spendLimits": [
      {
        "spendLimit": {
          "id": "1",
          "workflowId":"123",
          "fromDate": "05/23/2016",
          "toDate": "05/24/2016",
          "availableSpend": "5000",
          "currentLimit": "10000",
          "newLimit": "8000",
          "lastFourDigit": "2245",
          "initiator": "asdfasd",
          "initiatorName": "vinoth kumar ramamoorthy",
          "cardholderName": "Michael Vaughan"
        }
      },
      {
        "spendLimit": {
          "id": "2",
          "workflowId":"123",
          "availableSpend": "5000",
          "currentLimit": "10000",
          "newLimit": "7000",
          "lastFourDigit": "2245",
          "initiator": "asdfasd",
          "initiatorName": "qwqw",
          "cardholderName": "Courtney Walsh"
        }
      },
      {
        "spendLimit": {
          "id": "3",
          "workflowId":"123",
          "fromDate": "05/23/2016",
          "toDate": "05/24/2016",
          "availableSpend": "9000",
          "currentLimit": "10000",
          "newLimit": "10000",
          "lastFourDigit": "2245",
          "initiator": "asdfasd",
          "initiatorName": "qwqw",
          "cardholderName": "Eoin Morgan"
        }
      },
      {
        "spendLimit": {
          "id": "4",
          "workflowId":"123",
          "availableSpend": "123123123",
          "currentLimit": "10000",
          "newLimit": "8500",
          "lastFourDigit": "2245",
          "initiator": "asdfasd",
          "initiatorName": "qwqw",
          "cardholderName": "Kevin O'Brien"
        }
      }

    ],
    "cashAdvances": [
      {
        "cashAdvance": {
          "id": "1",
          "workflowId": "123",
          "isCashAdvanceEnable": "Y",
          "creditLimit": "123",
          "lastFourDigit": "2245",
          "initiator": "asdfasd",
          "initiatorName": "asdf",
          "cardholderName": "Ricky Ponting"
        }
      },
      {
        "cashAdvance": {
          "id": "2",
          "workflowId": "123",
          "isCashAdvanceEnable": "Y",
          "creditLimit": "123",
          "lastFourDigit": "2245",
          "initiator": "asdfasd",
          "initiatorName": "asdf",
          "cardholderName": "Shane Warne"
        }
      },
      {
        "cashAdvance": {
          "id": "3",
          "workflowId": "123",
          "isCashAdvanceEnable": "Y",
          "creditLimit": "123",
          "lastFourDigit": "2245",
          "initiator": "asdfasd",
          "initiatorName": "asdf",
          "cardholderName": "Adam Gilchrist"
        }
      },
      {
        "cashAdvance": {
          "id": "4",
          "workflowId": "123",
          "isCashAdvanceEnable": "Y",
          "creditLimit": "123",
          "lastFourDigit": "2245",
          "initiator": "asdfasd",
          "initiatorName": "asdf",
          "cardholderName": "Mathew Hayden"
        }
      }

    ]
  }
}