{
    "data": {
        "paymentAccounts": [
            {
                "paymentAccount": {
                    "accountId": "2482",
                    "accountType": "C",
                    "payAccountName": "Checking account",
                    "payAccountNumber": "4134",
                    "routingNumber": "121000359",
                    "deleteFlag": "N"
                }
            },
            {
                "paymentAccount": {
                    "accountId": "2482",
                    "accountType": "C",
                    "payAccountName": "Checking account",
                    "payAccountNumber": "4134",
                    "routingNumber": "121000359",
                    "deleteFlag": "N"
                }
            },
            {
                "paymentAccount": {
                    "accountId": "2482",
                    "accountType": "C",
                    "payAccountName": "Checking account",
                    "payAccountNumber": "4134",
                    "routingNumber": "121000359",
                    "deleteFlag": "N"
                }
            }
        ],
        "payments": [
      {
        "payment": {
          "autopayFirstpmtDate": "01/22/2015",
          "inCurrentCycle": "true",
          "minBankingDate": "01/22/2015",
          "isCutoffTimeCrossed": "true",
          "showDollarAmountValues": "false",
          "result": {
            "messageCode": "0",
            "message": "autopay cycle falls next month/normal"
          }
        }
      }
    ],
        "result": {
            "messageCode": "0",
            "message": "Payment ACcounts Retrieved Successfully"
        }
    }
}