{
  "data": {
    "companyAccount": {
      "lastFourDigit": "1668",
      "ceid": "C15209003514709600096010",
      "statement": {
        "statementDates": [
          "20151002",
          "20150902",
          "20150802",
          "20150702",
          "20150602",
          "20150501",
          "20150402"
        ]
      },
      "accountHolder": {
        "address": {
          "line1": "TEST",
          "line2": "TEST",
          "city": "SANTA CLARA",
          "stateCode": "CA",
          "postalCode": "95035"
        }
      }
    },
    "result": {
      "messageCode": "0",
      "message": "StatementDates Retrieved Successfully"
    }
  }
}
