{
  "data": [
    {
      "accountDetails": {
        "account": {
          "id": "1"
        },
        "result": {
          "messageCode": "1",
          "message": "Service completed successfully."
        }
      }
    },
    {
      "accountDetails": {
        "account": {
          "id": "2"
        },
        "result": {
          "messageCode": "0",
          "message": "Service completed successfully."
        }
      }
    },
    {
          "accountDetails": {
              "account": {
                  "id": "3"
              },
              "result": {
                  "messageCode": "1",
                  "message": "Service completed successfully."
              }
          }
    }
  ]
}