{
  "data": {
    "payments": [
      {
        "payment": {
          "autopayFirstpmtDate": "11/25/2015",
          "inCurrentCycle": "true",
          "minBankingDate": "11/02/2015",
          "isCutoffTimeCrossed": "true",
          "showDollarAmountValues": "true"
        }
      }
    ],
    "paymentAccounts": [
      {
        "paymentAccount": {
          "accountId": "2505",
          "accountType": "C",
          "payAccountName": "asdf",
          "payAccountNumber": "7567",
          "routingNumber": "456757567",
          "deleteFlag": "N"
        }
      },
      {
        "paymentAccount": {
          "accountId": "2507",
          "accountType": "C",
          "payAccountName": "four",
          "payAccountNumber": "4523",
          "routingNumber": "342523532",
          "deleteFlag": "N"
        }
      },
      {
        "paymentAccount": {
          "accountId": "2506",
          "accountType": "C",
          "payAccountName": "tyhree",
          "payAccountNumber": "5262",
          "routingNumber": "345356452",
          "deleteFlag": "N"
        }
      }
    ],
    "result": {
      "messageCode": "0",
      "message": "Payment ACcounts Retrieved Successfully"
    }
  }
}