{
    "data": {
        "accountDetails": [{
            "account": {
                "ceid": "cdc123121",
                "encAccntNumber": "1000133",
                "changeStatus": {
                    "newStatus": "F",
                    "status": "PA/SCHEDULED",
                    "fromDate": "05/26/2015",
                    "toDate": "01/09/2016"
                }
            }
 }, {
            "account": {
                "ceid": "cdc123122",
                "encAccntNumber": "1000135",
                "changeStatus": {
                    "newStatus": "F",
                    "status": "PA/SCHEDULED",
                    "fromDate": "06/12/2015",
                    "toDate": "05/02/2016"
                }
            }
 }, {
            "account": {
                "ceid": "cdc123123",
                "encAccntNumber": "1000131",
                "changeStatus": {
                    "newStatus": "F",
                    "status": "PA/SCHEDULED",
                    "fromDate": "",
                    "toDate": ""
                }
            }
 }, {
            "account": {
                "ceid": "cdc123124",
                "encAccntNumber": "1000136",
                "changeStatus": {
                    "newStatus": "F",
                    "status": "PA/SCHEDULED",
                    "fromDate": "06/12/2015",
                    "toDate": "05/02/2016"
                }
            }
    }]
    }
}