{
  "data": {
    "payments": [
      {
                "payment": {
                    "paymentId": "392892042751",
                    "amount": "STPT",
                    "amountType": "STPT",
                    "autopayFlag": "N",
                    "ceid": "C14269103004776810068118",
                    "memo": "fitrst deploy",
                    "paymentDate": "10/30/2015",
                    "status": "Completed",
                    "initiatorFlag":"false",
                    "paymentAccount": {
                        "accountId": "2470",
                        "accountType": "S",
                        "payAccountNumber": "3524",
                        "payAccountName": "My Saving",
                        "routingNumber": "123412423"
                    }
                }
            },
            {
                "payment": {
                    "paymentId": "279975075747",
                    "amount": "STPT",
                    "amountType": "STPT",
                    "autopayFlag": "N",
                    "ceid": "C14269103004776810068118",
                    "memo": "Single Payment Memo edited in ",
                    "paymentDate": "10/31/2015",
                    "status": "Cancelled",
                    "initiatorFlag":"false",
                    "paymentAccount": {
                        "accountId": "2470",
                        "accountType": "S",
                        "payAccountNumber": "5465",
                        "payAccountName": "Pay Acc",
                        "routingNumber": "123412423"
                    }
                }
            }
    ],
      "nextChunkExist": "false",
    "result": {
      "messageCode": "0",
      "message": "Payment details fetched Successfully"
    }
  }
}