{
  "data": {
    "newCards": [
      {
        "card": {
          "id": "1234",
          "workflowId":"1",
          "cardFormat": "0",
          "fullName": "sdafsdaf",
          "nameOnCard": "asdfasdf",
          "empId": "asdfasdf",
          "dob": "11/11/2015",
          "ssn": "3423",
          "creditLimit": "342344",
          "email": "asdf@sdfd.com",
          "cellPh": "312-423-1432",
          "businessPh": "234-234-2342",
          "address": {
            "line1": "TEST",
            "line2": "TEST",
            "city": "SANTA CLARA",
            "stateCode": "CA",
            "postalCode": "95035"
          },
          "cardDelivery": "n",
          "isCashAdvanceEnable": "true",
          "isUsCitizen": "false",
          "initiator": "adfd",
          "initiatorName": "asdf",
          "lastUpdated": "timestamp"
        }
      }
    ],
    "spendLimits": [
      {
        "spendLimit": {
          "id": "123",
          "workflowId":"2",
          "fromDate": "11/27/2015",
          "toDate": "11/28/2015",
          "currentLimit": "10000",
          "newLimit": "123121123",
          "lastFourDigit": "2245",
          "initiator": "asdfasd",
          "initiatorName": "asdf",
          "lastUpdated": "timestamp",
          "cardholderName": "sdfsdfsdf"
        }
      }
    ],
    "cashAdvances": [
      {
        "cashAdvance": {
          "id": "123",
          "workflowId":"3",
          "isCashAdvanceEnable": "Y",
          "lastFourDigit": "2245",
          "initiator": "asdfasd",
          "initiatorName": "asdf",
          "lastUpdated": "timestamp",
          "cardholderName": "sdfsdfsdf"
        }
      },
      {
        "cashAdvance": {
          "id": "123",
          "workflowId":"4",
          "isCashAdvanceEnable": "Y",
          "lastFourDigit": "2245",
          "initiator": "asdfasd",
          "initiatorName": "asdf",
          "lastUpdated": "timestamp",
          "cardholderName": "book"
        }
      }
    ]
  }
}