{
  "data": [
    {
      "accountDetails": {
        "isTransactionSeqReq": "false",
        "transactions": [
          {
            "id": "01058J",
            "amount": "00000000000012.92",
            "valueDate": "20150710",
            "postedDate": "150712",
            "tranDate": "1436511600000",
            "tranType": {
              "code": "253",
              "subCode": "TRAN",
              "description": "TAXIBETRIEB RAHMAN       "
            },
            "details": {
              "references": {
                "bankReference": "15423996001EGS6TT",
                "sourceAmount": "11.30",
                "transactionRefNumber": "193551000567928"
              },
              "currency": {
                "sourceCurrency": "978",
                "targetCurrency": "USD"
              }
            },
            "parties": {
              "merchant": {
                "name": "TAXIBETRIEB RAHMAN       BERLIN       DF ",
                "mcc": "ABCDEFGHIJKLMNOPQRSTUVWXYZabcdefghijklmnopqrstuvwxyz",
                "address": "TAXIBETRIEB RAHMAN       BERLIN       DF ",
                "city": "BERLIN       ",
                "stateCode": "DF",
                "countryCode": "   "
              }
            }
          },
          {
            "id": "00971J",
            "amount": "00000000000013.81",
            "valueDate": "20150709",
            "postedDate": "150710",
            "tranDate": "1436425200000",
            "tranType": {
              "code": "253",
              "subCode": "TRAN",
              "description": "BERTS 2F 025582          "
            },
            "details": {
              "references": {
                "bankReference": "15132495YTPANMD0D",
                "sourceAmount": "12.20",
                "transactionRefNumber": "191551000605039"
              },
              "currency": {
                "sourceCurrency": "978",
                "targetCurrency": "USD"
              }
            },
            "parties": {
              "merchant": {
                "name": "BERTS 2F 025582          ROISSY CDG CEFR ",
                "mcc": "ABCDEFGH IJKLM NOPQRSTUV WXYZabcdefgh ijklmnopqrst uvwxyz",
                "address": "BERTS 2F 025582          ROISSY CDG CEFR ",
                "city": "ROISSY CDG CE",
                "stateCode": "FR",
                "countryCode": "   "
              }
            }
          },
          {
            "id": "00827J",
            "amount": "00000000000012.62",
            "valueDate": "20150708",
            "postedDate": "150709",
            "tranDate": "1436338800000",
            "tranType": {
              "code": "253",
              "subCode": "TRAN",
              "description": "STARBUCKS COFFEE         "
            },
            "details": {
              "references": {
                "bankReference": "15139885YFJQHZKT5",
                "sourceAmount": "11.15",
                "transactionRefNumber": "190551000606285"
              },
              "currency": {
                "sourceCurrency": "978",
                "targetCurrency": "USD"
              }
            },
            "parties": {
              "merchant": {
                "name": "STARBUCKS COFFEE         PARIS        FR ",
                "mcc": "ABCDEFGH IJ KLM NO PQRS TUV WXYZabcdefgh ijklmnopqrst uvwxyz",
                "address": "STARBUCKS COFFEE         PARIS        FR ",
                "city": "PARIS        ",
                "stateCode": "FR",
                "countryCode": "   "
              }
            }
          },
          {
            "id": "      ",
            "amount": "00000000000039.00",
            "valueDate": "20150703",
            "postedDate": "150703",
            "tranDate": "1435906800000",
            "tranType": {
              "code": "961",
              "subCode": "TRAN",
              "description": "LATE FEE                 "
            },
            "details": {
              "references": {
                "bankReference": "                 ",
                "sourceAmount": "39.00",
                "transactionRefNumber": "000000000000000"
              },
              "currency": {
                "sourceCurrency": "840",
                "targetCurrency": "USD"
              }
            },
            "parties": {
              "merchant": {
                "name": "LATE FEE                                 ",
                "mcc": "ABCDEFGHIJKLMNOPQRSTUVWXYZabcdefghijklmnopqrstuvwxyz",
                "address": "LATE FEE                                 ",
                "city": "             ",
                "stateCode": "  ",
                "countryCode": "USA"
              }
            }
          },
          {
            "id": "      ",
            "amount": "00000000000058.62",
            "valueDate": "20150703",
            "postedDate": "150703",
            "tranDate": "1435906800000",
            "tranType": {
              "code": "963",
              "subCode": "TRAN",
              "description": "SE                58.62 C"
            },
            "details": {
              "references": {
                "bankReference": "FINANCE CHARGE* M",
                "sourceAmount": "58.62",
                "transactionRefNumber": "000000000000000"
              },
              "currency": {
                "sourceCurrency": "840",
                "targetCurrency": "USD"
              }
            },
            "parties": {
              "merchant": {
                "name": "SE                58.62 CASH             ",
                "mcc": "00000",
                "address": "SE                58.62 CASH             ",
                "city": "             ",
                "stateCode": "  ",
                "countryCode": "USA"
              }
            }
          },
          {
            "id": "03004J",
            "amount": "00000000000030.00",
            "valueDate": "20150630",
            "postedDate": "150702",
            "tranDate": "1435647600000",
            "tranType": {
              "code": "253",
              "subCode": "TRAN",
              "description": "HILLS PLAZA GARAGE       "
            },
            "details": {
              "references": {
                "bankReference": "55546505N5SZYLMN8",
                "sourceAmount": "30.00",
                "transactionRefNumber": "183580000377010"
              },
              "currency": {
                "sourceCurrency": "840",
                "targetCurrency": "USD"
              }
            },
            "parties": {
              "merchant": {
                "name": "HILLS PLAZA GARAGE       SAN FRANCISCOCA ",
                "mcc": "07523",
                "address": "HILLS PLAZA GARAGE       SAN FRANCISCOCA ",
                "city": "SAN FRANCISCO",
                "stateCode": "CA",
                "countryCode": "USA"
              }
            }
          },
          {
            "id": "02402J",
            "amount": "00000000000299.57",
            "valueDate": "20150624",
            "postedDate": "150625",
            "tranDate": "1435129200000",
            "tranType": {
              "code": "253",
              "subCode": "TRAN",
              "description": "VISA NETWORK             "
            },
            "details": {
              "references": {
                "bankReference": "55500375F5S8KH5AB",
                "sourceAmount": "299.57",
                "transactionRefNumber": "176590000179056"
              },
              "currency": {
                "sourceCurrency": "840",
                "targetCurrency": "USD"
              }
            },
            "parties": {
              "merchant": {
                "name": "VISA NETWORK             04156930330  CA ",
                "mcc": "08999",
                "address": "VISA NETWORK             04156930330  CA ",
                "city": "04156930330  ",
                "stateCode": "CA",
                "countryCode": "USA"
              }
            }
          },
          {
            "id": "02491J",
            "amount": "00000000000129.60",
            "valueDate": "20150624",
            "postedDate": "150626",
            "tranDate": "1435129200000",
            "tranType": {
              "code": "253",
              "subCode": "TRAN",
              "description": "IBERIA   07576595956182  "
            },
            "details": {
              "references": {
                "bankReference": "15432335H1EJ404A4",
                "sourceAmount": "129.60",
                "transactionRefNumber": "177580000419998"
              },
              "currency": {
                "sourceCurrency": "840",
                "targetCurrency": "USD"
              }
            },
            "parties": {
              "merchant": {
                "name": "IBERIA   07576595956182  800-2479297  FL ",
                "mcc": "03102",
                "address": "IBERIA   07576595956182  800-2479297  FL ",
                "city": "800-2479297  ",
                "stateCode": "FL",
                "countryCode": "USA"
              }
            }
          },
          {
            "id": "02491J",
            "amount": "00000000000129.60",
            "valueDate": "20150624",
            "postedDate": "150626",
            "tranDate": "1435129200000",
            "tranType": {
              "code": "253",
              "subCode": "TRAN",
              "description": "IBERIA   07576595956160  "
            },
            "details": {
              "references": {
                "bankReference": "15432335H1EJ4049L",
                "sourceAmount": "129.60",
                "transactionRefNumber": "177580000419996"
              },
              "currency": {
                "sourceCurrency": "840",
                "targetCurrency": "USD"
              }
            },
            "parties": {
              "merchant": {
                "name": "IBERIA   07576595956160  800-2479297  FL ",
                "mcc": "03102",
                "address": "IBERIA   07576595956160  800-2479297  FL ",
                "city": "800-2479297  ",
                "stateCode": "FL",
                "countryCode": "USA"
              }
            }
          },
          {
            "id": "02491J",
            "amount": "00000000000129.60",
            "valueDate": "20150624",
            "postedDate": "150626",
            "tranDate": "1435129200000",
            "tranType": {
              "code": "253",
              "subCode": "TRAN",
              "description": "IBERIA   07576595956171  "
            },
            "details": {
              "references": {
                "bankReference": "15432335H1EJ4049W",
                "sourceAmount": "129.60",
                "transactionRefNumber": "177580000419997"
              },
              "currency": {
                "sourceCurrency": "840",
                "targetCurrency": "USD"
              }
            },
            "parties": {
              "merchant": {
                "name": "IBERIA   07576595956171  800-2479297  FL ",
                "mcc": "03102",
                "address": "IBERIA   07576595956171  800-2479297  FL ",
                "city": "800-2479297  ",
                "stateCode": "FL",
                "countryCode": "USA"
              }
            }
          },
          {
            "id": "      ",
            "amount": "00000000000001.00",
            "valueDate": "20150616",
            "postedDate": "150616",
            "tranDate": "1434438000000",
            "tranType": {
              "code": "253",
              "subCode": "TRAN",
              "description": "ANNUAL FEE               "
            },
            "details": {
              "references": {
                "bankReference": "F80770057000TS167",
                "sourceAmount": "0.00",
                "transactionRefNumber": "167503956000585"
              },
              "currency": {
                "sourceCurrency": "840",
                "targetCurrency": "USD"
              }
            },
            "parties": {
              "merchant": {
                "name": "ANNUAL FEE               SANTA CLARA  CA ",
                "mcc": "06012",
                "address": "ANNUAL FEE               SANTA CLARA  CA ",
                "city": "SANTA CLARA  ",
                "stateCode": "CA",
                "countryCode": "USA"
              }
            }
          },
          {
            "id": "      ",
            "amount": "-0000000000001.01",
            "valueDate": "20150615",
            "postedDate": "150615",
            "tranDate": "1434351600000",
            "tranType": {
              "code": "271",
              "subCode": "TRAN",
              "description": "PAYMENT - THANK YOU      "
            },
            "details": {
              "references": {
                "bankReference": "F80770057000TP167",
                "sourceAmount": "0.00",
                "transactionRefNumber": "167503956000599"
              },
              "currency": {
                "sourceCurrency": "840",
                "targetCurrency": "USD"
              }
            },
            "parties": {
              "merchant": {
                "name": "PAYMENT - THANK YOU                      ",
                "mcc": "00011",
                "address": "PAYMENT - THANK YOU                      ",
                "city": "             ",
                "stateCode": "  ",
                "countryCode": "USA"
              }
            }
          },
          {
            "id": "01512J",
            "amount": "00000000000050.00",
            "valueDate": "20150615",
            "postedDate": "150616",
            "tranDate": "1434351600000",
            "tranType": {
              "code": "253",
              "subCode": "TRAN",
              "description": "TRANSACTION FEE          "
            },
            "details": {
              "references": {
                "bankReference": "55541865703PNY6NL",
                "sourceAmount": "50.00",
                "transactionRefNumber": "167551000622466"
              },
              "currency": {
                "sourceCurrency": "840",
                "targetCurrency": "USD"
              }
            },
            "parties": {
              "merchant": {
                "name": "TRANSACTION FEE          212-409-9517 NY ",
                "mcc": "04722",
                "address": "TRANSACTION FEE          212-409-9517 NY ",
                "city": "212-409-9517 ",
                "stateCode": "NY",
                "countryCode": "USA"
              }
            }
          },
          {
            "id": "01506J",
            "amount": "00000000002935.90",
            "valueDate": "20150615",
            "postedDate": "150617",
            "tranDate": "1434351600000",
            "tranType": {
              "code": "253",
              "subCode": "TRAN",
              "description": "UNITED   01676041856764  "
            },
            "details": {
              "references": {
                "bankReference": "55432865700QNAJTA",
                "sourceAmount": "2935.90",
                "transactionRefNumber": "168580000419550"
              },
              "currency": {
                "sourceCurrency": "840",
                "targetCurrency": "USD"
              }
            },
            "parties": {
              "merchant": {
                "name": "UNITED   01676041856764  800-932-2732 TX ",
                "mcc": "03000",
                "address": "UNITED   01676041856764  800-932-2732 TX ",
                "city": "800-932-2732 ",
                "stateCode": "TX",
                "countryCode": "USA"
              }
            }
          },
          {
            "id": "01594J",
            "amount": "00000000006560.90",
            "valueDate": "20150615",
            "postedDate": "150617",
            "tranDate": "1434351600000",
            "tranType": {
              "code": "253",
              "subCode": "TRAN",
              "description": "UNITED   01676041856845  "
            },
            "details": {
              "references": {
                "bankReference": "55432865700QNAJTS",
                "sourceAmount": "6560.90",
                "transactionRefNumber": "168580000419552"
              },
              "currency": {
                "sourceCurrency": "840",
                "targetCurrency": "USD"
              }
            },
            "parties": {
              "merchant": {
                "name": "UNITED   01676041856845  800-932-2732 TX ",
                "mcc": "03000",
                "address": "UNITED   01676041856845  800-932-2732 TX ",
                "city": "800-932-2732 ",
                "stateCode": "TX",
                "countryCode": "USA"
              }
            }
          },
          {
            "id": "01180J",
            "amount": "00000000000004.57",
            "valueDate": "20150611",
            "postedDate": "150612",
            "tranDate": "1434006000000",
            "tranType": {
              "code": "253",
              "subCode": "TRAN",
              "description": "STARBUCKS #11869 WASHI   "
            },
            "details": {
              "references": {
                "bankReference": "5543286520038P3QR",
                "sourceAmount": "4.57",
                "transactionRefNumber": "163590000273304"
              },
              "currency": {
                "sourceCurrency": "840",
                "targetCurrency": "USD"
              }
            },
            "parties": {
              "merchant": {
                "name": "STARBUCKS #11869 WASHI   WASHINGTON   DC ",
                "mcc": "05814",
                "address": "STARBUCKS #11869 WASHI   WASHINGTON   DC ",
                "city": "WASHINGTON   ",
                "stateCode": "DC",
                "countryCode": "USA"
              }
            }
          },
          {
            "id": "01146J",
            "amount": "00000000000011.63",
            "valueDate": "20150611",
            "postedDate": "150612",
            "tranDate": "1434006000000",
            "tranType": {
              "code": "253",
              "subCode": "TRAN",
              "description": "TAXICHARG WASHINGTONDC   "
            },
            "details": {
              "references": {
                "bankReference": "555465552DQ6J41XQ",
                "sourceAmount": "11.63",
                "transactionRefNumber": "163551000583676"
              },
              "currency": {
                "sourceCurrency": "840",
                "targetCurrency": "USD"
              }
            },
            "parties": {
              "merchant": {
                "name": "TAXICHARG WASHINGTONDC   WASHINGTON   DC ",
                "mcc": "04121",
                "address": "TAXICHARG WASHINGTONDC   WASHINGTON   DC ",
                "city": "WASHINGTON   ",
                "stateCode": "DC",
                "countryCode": "USA"
              }
            }
          },
          {
            "id": "01199J",
            "amount": "00000000000013.90",
            "valueDate": "20150611",
            "postedDate": "150612",
            "tranDate": "1434006000000",
            "tranType": {
              "code": "253",
              "subCode": "TRAN",
              "description": "TAXICHARG WASHINGTONDC   "
            },
            "details": {
              "references": {
                "bankReference": "555465552DQ6J48NN",
                "sourceAmount": "13.90",
                "transactionRefNumber": "163551000583677"
              },
              "currency": {
                "sourceCurrency": "840",
                "targetCurrency": "USD"
              }
            },
            "parties": {
              "merchant": {
                "name": "TAXICHARG WASHINGTONDC   WASHINGTON   DC ",
                "mcc": "04121",
                "address": "TAXICHARG WASHINGTONDC   WASHINGTON   DC ",
                "city": "WASHINGTON   ",
                "stateCode": "DC",
                "countryCode": "USA"
              }
            }
          },
          {
            "id": "01006J",
            "amount": "00000000000067.26",
            "valueDate": "20150611",
            "postedDate": "150614",
            "tranDate": "1434006000000",
            "tranType": {
              "code": "253",
              "subCode": "TRAN",
              "description": "MANDARIN ORIENTAL WASH   "
            },
            "details": {
              "references": {
                "bankReference": "3518013531EM34LML",
                "sourceAmount": "67.26",
                "transactionRefNumber": "165510001110014"
              },
              "currency": {
                "sourceCurrency": "840",
                "targetCurrency": "USD"
              }
            },
            "parties": {
              "merchant": {
                "name": "MANDARIN ORIENTAL WASH   WASHINGTON   DC ",
                "mcc": "03577",
                "address": "MANDARIN ORIENTAL WASH   WASHINGTON   DC ",
                "city": "WASHINGTON   ",
                "stateCode": "DC",
                "countryCode": "USA"
              }
            }
          },
          {
            "id": "01006J",
            "amount": "00000000000067.26",
            "valueDate": "20150611",
            "postedDate": "150614",
            "tranDate": "1434006000000",
            "tranType": {
              "code": "253",
              "subCode": "TRAN",
              "description": "MANDARIN ORIENTAL WASH   "
            },
            "details": {
              "references": {
                "bankReference": "4518013531EM34LMK",
                "sourceAmount": "67.26",
                "transactionRefNumber": "165580000344993"
              },
              "currency": {
                "sourceCurrency": "840",
                "targetCurrency": "USD"
              }
            },
            "parties": {
              "merchant": {
                "name": "MANDARIN ORIENTAL WASH   WASHINGTON   DC ",
                "mcc": "03577",
                "address": "MANDARIN ORIENTAL WASH   WASHINGTON   DC ",
                "city": "WASHINGTON   ",
                "stateCode": "DC",
                "countryCode": "USA"
              }
            }
          },
          {
            "id": "00687J",
            "amount": "00000000000054.25",
            "valueDate": "20150606",
            "postedDate": "150608",
            "tranDate": "1433574000000",
            "tranType": {
              "code": "253",
              "subCode": "TRAN",
              "description": "YELLOW CARD SERVICES I   "
            },
            "details": {
              "references": {
                "bankReference": "75428554Y8WWH70KQ",
                "sourceAmount": "54.25",
                "transactionRefNumber": "159590002054548"
              },
              "currency": {
                "sourceCurrency": "840",
                "targetCurrency": "USD"
              }
            },
            "parties": {
              "merchant": {
                "name": "YELLOW CARD SERVICES I   SAN FRANCISCOCA ",
                "mcc": "04121",
                "address": "YELLOW CARD SERVICES I   SAN FRANCISCOCA ",
                "city": "SAN FRANCISCO",
                "stateCode": "CA",
                "countryCode": "USA"
              }
            }
          },
          {
            "id": "00241J",
            "amount": "00000000000429.65",
            "valueDate": "20150602",
            "postedDate": "150603",
            "tranDate": "1433228400000",
            "tranType": {
              "code": "253",
              "subCode": "TRAN",
              "description": "HOTEL MERIDIEN ETOILE    "
            },
            "details": {
              "references": {
                "bankReference": "55184224TS7KYXP1Q",
                "sourceAmount": "376.40",
                "transactionRefNumber": "154590000219809"
              },
              "currency": {
                "sourceCurrency": "978",
                "targetCurrency": "USD"
              }
            },
            "parties": {
              "merchant": {
                "name": "HOTEL MERIDIEN ETOILE    CEDEX CEDEX 1FR ",
                "mcc": "03520",
                "address": "HOTEL MERIDIEN ETOILE    CEDEX CEDEX 1FR ",
                "city": "CEDEX CEDEX 1",
                "stateCode": "FR",
                "countryCode": "   "
              }
            }
          },
          {
            "id": "02851J",
            "amount": "00000000000005.18",
            "valueDate": "20150529",
            "postedDate": "150531",
            "tranDate": "1432882800000",
            "tranType": {
              "code": "253",
              "subCode": "TRAN",
              "description": "KLATCH COFFEE            "
            },
            "details": {
              "references": {
                "bankReference": "55421354MWMN45P6L",
                "sourceAmount": "5.18",
                "transactionRefNumber": "151590000255569"
              },
              "currency": {
                "sourceCurrency": "840",
                "targetCurrency": "USD"
              }
            },
            "parties": {
              "merchant": {
                "name": "KLATCH COFFEE            LOS ANGELES  CA ",
                "mcc": "05399",
                "address": "KLATCH COFFEE            LOS ANGELES  CA ",
                "city": "LOS ANGELES  ",
                "stateCode": "CA",
                "countryCode": "USA"
              }
            }
          },
          {
            "id": "02876J",
            "amount": "00000000000146.52",
            "valueDate": "20150528",
            "postedDate": "150529",
            "tranDate": "1432796400000",
            "tranType": {
              "code": "253",
              "subCode": "TRAN",
              "description": "CAREY                    "
            },
            "details": {
              "references": {
                "bankReference": "45230974M00003044",
                "sourceAmount": "146.52",
                "transactionRefNumber": "149551000581151"
              },
              "currency": {
                "sourceCurrency": "840",
                "targetCurrency": "USD"
              }
            },
            "parties": {
              "merchant": {
                "name": "CAREY                    8886493949   DC ",
                "mcc": "04121",
                "address": "CAREY                    8886493949   DC ",
                "city": "8886493949   ",
                "stateCode": "DC",
                "countryCode": "USA"
              }
            }
          },
          {
            "id": "02852J",
            "amount": "00000000000044.00",
            "valueDate": "20150528",
            "postedDate": "150529",
            "tranDate": "1432796400000",
            "tranType": {
              "code": "253",
              "subCode": "TRAN",
              "description": "YELLOW CARD SERVICES I   "
            },
            "details": {
              "references": {
                "bankReference": "75428554L5Y2NS9HL",
                "sourceAmount": "44.00",
                "transactionRefNumber": "149551000581562"
              },
              "currency": {
                "sourceCurrency": "840",
                "targetCurrency": "USD"
              }
            },
            "parties": {
              "merchant": {
                "name": "YELLOW CARD SERVICES I   SAN FRANCISCOCA ",
                "mcc": "04121",
                "address": "YELLOW CARD SERVICES I   SAN FRANCISCOCA ",
                "city": "SAN FRANCISCO",
                "stateCode": "CA",
                "countryCode": "USA"
              }
            }
          },
          {
            "id": "02680J",
            "amount": "00000000000019.96",
            "valueDate": "20150528",
            "postedDate": "150531",
            "tranDate": "1432796400000",
            "tranType": {
              "code": "253",
              "subCode": "TRAN",
              "description": "TERRANEA RESORT          "
            },
            "details": {
              "references": {
                "bankReference": "55436874M7KH3GQGR",
                "sourceAmount": "19.96",
                "transactionRefNumber": "151551000544394"
              },
              "currency": {
                "sourceCurrency": "840",
                "targetCurrency": "USD"
              }
            },
            "parties": {
              "merchant": {
                "name": "TERRANEA RESORT          RANCHO PALOS CA ",
                "mcc": "07011",
                "address": "TERRANEA RESORT          RANCHO PALOS CA ",
                "city": "RANCHO PALOS ",
                "stateCode": "CA",
                "countryCode": "USA"
              }
            }
          },
          {
            "id": "02775J",
            "amount": "00000000000146.52",
            "valueDate": "20150527",
            "postedDate": "150528",
            "tranDate": "1432710000000",
            "tranType": {
              "code": "253",
              "subCode": "TRAN",
              "description": "CAREY                    "
            },
            "details": {
              "references": {
                "bankReference": "45230974L00002RK3",
                "sourceAmount": "146.52",
                "transactionRefNumber": "148551000581162"
              },
              "currency": {
                "sourceCurrency": "840",
                "targetCurrency": "USD"
              }
            },
            "parties": {
              "merchant": {
                "name": "CAREY                    8886493949   DC ",
                "mcc": "04121",
                "address": "CAREY                    8886493949   DC ",
                "city": "8886493949   ",
                "stateCode": "DC",
                "countryCode": "USA"
              }
            }
          },
          {
            "id": "02611J",
            "amount": "00000000000017.97",
            "valueDate": "20150526",
            "postedDate": "150527",
            "tranDate": "1432623600000",
            "tranType": {
              "code": "253",
              "subCode": "TRAN",
              "description": "SKYLINE NEWS AND GIFTS   "
            },
            "details": {
              "references": {
                "bankReference": "55480774K8AKNSL4L",
                "sourceAmount": "17.97",
                "transactionRefNumber": "147510000444755"
              },
              "currency": {
                "sourceCurrency": "840",
                "targetCurrency": "USD"
              }
            },
            "parties": {
              "merchant": {
                "name": "SKYLINE NEWS AND GIFTS   SAN FRANCISCOCA ",
                "mcc": "05399",
                "address": "SKYLINE NEWS AND GIFTS   SAN FRANCISCOCA ",
                "city": "SAN FRANCISCO",
                "stateCode": "CA",
                "countryCode": "USA"
              }
            }
          },
          {
            "id": "      ",
            "amount": "-0000000000793.08",
            "valueDate": "20150522",
            "postedDate": "150522",
            "tranDate": "1432278000000",
            "tranType": {
              "code": "271",
              "subCode": "TRAN",
              "description": "AUTOMATIC PAYMENT - THANK"
            },
            "details": {
              "references": {
                "bankReference": "F8077004E00CHGDDA",
                "sourceAmount": "0.00",
                "transactionRefNumber": "000000000000000"
              },
              "currency": {
                "sourceCurrency": "   ",
                "targetCurrency": "USD"
              }
            },
            "parties": {
              "merchant": {
                "name": "AUTOMATIC PAYMENT - THANK YOU            ",
                "mcc": "00000",
                "address": "AUTOMATIC PAYMENT - THANK YOU            ",
                "city": " YOU         ",
                "stateCode": "  ",
                "countryCode": "   "
              }
            }
          },
          {
            "id": "01967J",
            "amount": "00000000000793.08",
            "valueDate": "20150519",
            "postedDate": "150521",
            "tranDate": "1432018800000",
            "tranType": {
              "code": "253",
              "subCode": "TRAN",
              "description": "REVERE DIGITAL LLC       "
            },
            "details": {
              "references": {
                "bankReference": "25419794D06ELBDAZ",
                "sourceAmount": "793.08",
                "transactionRefNumber": "141510000439027"
              },
              "currency": {
                "sourceCurrency": "840",
                "targetCurrency": "USD"
              }
            },
            "parties": {
              "merchant": {
                "name": "REVERE DIGITAL LLC       SAN MARTIN   CA ",
                "mcc": "07399",
                "address": "REVERE DIGITAL LLC       SAN MARTIN   CA ",
                "city": "SAN MARTIN   ",
                "stateCode": "CA",
                "countryCode": "USA"
              }
            }
          },
          {
            "id": "      ",
            "amount": "-0000000000170.69",
            "valueDate": "20150512",
            "postedDate": "150512",
            "tranDate": "1431414000000",
            "tranType": {
              "code": "271",
              "subCode": "TRAN",
              "description": "AUTOMATIC PAYMENT - THANK"
            },
            "details": {
              "references": {
                "bankReference": "F8077004400CHGDDA",
                "sourceAmount": "0.00",
                "transactionRefNumber": "000000000000000"
              },
              "currency": {
                "sourceCurrency": "   ",
                "targetCurrency": "USD"
              }
            },
            "parties": {
              "merchant": {
                "name": "AUTOMATIC PAYMENT - THANK YOU            ",
                "mcc": "00000",
                "address": "AUTOMATIC PAYMENT - THANK YOU            ",
                "city": " YOU         ",
                "stateCode": "  ",
                "countryCode": "   "
              }
            }
          },
          {
            "id": "00750J",
            "amount": "00000000000036.11",
            "valueDate": "20150507",
            "postedDate": "150511",
            "tranDate": "1430982000000",
            "tranType": {
              "code": "253",
              "subCode": "TRAN",
              "description": "HOTEL GANSEVOORT         "
            },
            "details": {
              "references": {
                "bankReference": "554213542WPQ99N26",
                "sourceAmount": "36.11",
                "transactionRefNumber": "131590000381129"
              },
              "currency": {
                "sourceCurrency": "840",
                "targetCurrency": "USD"
              }
            },
            "parties": {
              "merchant": {
                "name": "HOTEL GANSEVOORT         NEW YORK     NY ",
                "mcc": "07011",
                "address": "HOTEL GANSEVOORT         NEW YORK     NY ",
                "city": "NEW YORK     ",
                "stateCode": "NY",
                "countryCode": "USA"
              }
            }
          },
          {
            "id": "      ",
            "amount": "-0000000000242.41",
            "valueDate": "20150506",
            "postedDate": "150506",
            "tranDate": "1430895600000",
            "tranType": {
              "code": "271",
              "subCode": "TRAN",
              "description": "AUTOMATIC PAYMENT - THANK"
            },
            "details": {
              "references": {
                "bankReference": "F8077003Y00CHGDDA",
                "sourceAmount": "0.00",
                "transactionRefNumber": "000000000000000"
              },
              "currency": {
                "sourceCurrency": "   ",
                "targetCurrency": "USD"
              }
            },
            "parties": {
              "merchant": {
                "name": "AUTOMATIC PAYMENT - THANK YOU            ",
                "mcc": "00000",
                "address": "AUTOMATIC PAYMENT - THANK YOU            ",
                "city": " YOU         ",
                "stateCode": "  ",
                "countryCode": "   "
              }
            }
          },
          {
            "id": "00546J",
            "amount": "00000000000114.06",
            "valueDate": "20150506",
            "postedDate": "150508",
            "tranDate": "1430895600000",
            "tranType": {
              "code": "253",
              "subCode": "TRAN",
              "description": "WYNN LAS VEGAS HOTEL     "
            },
            "details": {
              "references": {
                "bankReference": "55432863Z009WMMWH",
                "sourceAmount": "114.06",
                "transactionRefNumber": "128580000347750"
              },
              "currency": {
                "sourceCurrency": "840",
                "targetCurrency": "USD"
              }
            },
            "parties": {
              "merchant": {
                "name": "WYNN LAS VEGAS HOTEL     702-770-2540 NV ",
                "mcc": "03596",
                "address": "WYNN LAS VEGAS HOTEL     702-770-2540 NV ",
                "city": "702-770-2540 ",
                "stateCode": "NV",
                "countryCode": "USA"
              }
            }
          },
          {
            "id": "00648J",
            "amount": "00000000000020.52",
            "valueDate": "20150506",
            "postedDate": "150508",
            "tranDate": "1430895600000",
            "tranType": {
              "code": "253",
              "subCode": "TRAN",
              "description": "HENDERSON TAXI           "
            },
            "details": {
              "references": {
                "bankReference": "55490403Z7LV84Y3Y",
                "sourceAmount": "20.52",
                "transactionRefNumber": "128590000215390"
              },
              "currency": {
                "sourceCurrency": "840",
                "targetCurrency": "USD"
              }
            },
            "parties": {
              "merchant": {
                "name": "HENDERSON TAXI           LAS VEGAS    NV ",
                "mcc": "04121",
                "address": "HENDERSON TAXI           LAS VEGAS    NV ",
                "city": "LAS VEGAS    ",
                "stateCode": "NV",
                "countryCode": "USA"
              }
            }
          },
          {
            "id": "00415J",
            "amount": "00000000000177.41",
            "valueDate": "20150504",
            "postedDate": "150505",
            "tranDate": "1430722800000",
            "tranType": {
              "code": "253",
              "subCode": "TRAN",
              "description": "MICHAEL DEVINE CHAUFFE   "
            },
            "details": {
              "references": {
                "bankReference": "55184223WS7B3YZTV",
                "sourceAmount": "177.41",
                "transactionRefNumber": "125590000200593"
              },
              "currency": {
                "sourceCurrency": "840",
                "targetCurrency": "USD"
              }
            },
            "parties": {
              "merchant": {
                "name": "MICHAEL DEVINE CHAUFFE   DUBLIN       IE ",
                "mcc": "04121",
                "address": "MICHAEL DEVINE CHAUFFE   DUBLIN       IE ",
                "city": "DUBLIN       ",
                "stateCode": "IE",
                "countryCode": "USA"
              }
            }
          },
          {
            "id": "      ",
            "amount": "-0000000002009.19",
            "valueDate": "20150430",
            "postedDate": "150430",
            "tranDate": "1430377200000",
            "tranType": {
              "code": "271",
              "subCode": "TRAN",
              "description": "AUTOMATIC PAYMENT - THANK"
            },
            "details": {
              "references": {
                "bankReference": "F8077003R00CHGDDA",
                "sourceAmount": "0.00",
                "transactionRefNumber": "000000000000000"
              },
              "currency": {
                "sourceCurrency": "   ",
                "targetCurrency": "USD"
              }
            },
            "parties": {
              "merchant": {
                "name": "AUTOMATIC PAYMENT - THANK YOU            ",
                "mcc": "00000",
                "address": "AUTOMATIC PAYMENT - THANK YOU            ",
                "city": " YOU         ",
                "stateCode": "  ",
                "countryCode": "   "
              }
            }
          },
          {
            "id": "02722J",
            "amount": "00000000000065.00",
            "valueDate": "20150428",
            "postedDate": "150429",
            "tranDate": "1430204400000",
            "tranType": {
              "code": "253",
              "subCode": "TRAN",
              "description": "MARRIOTT 337F2 SAN FRA   "
            },
            "details": {
              "references": {
                "bankReference": "55541863N03SW251K",
                "sourceAmount": "65.00",
                "transactionRefNumber": "119551000589881"
              },
              "currency": {
                "sourceCurrency": "840",
                "targetCurrency": "USD"
              }
            },
            "parties": {
              "merchant": {
                "name": "MARRIOTT 337F2 SAN FRA   SAN FRANCISCOCA ",
                "mcc": "03509",
                "address": "MARRIOTT 337F2 SAN FRA   SAN FRANCISCOCA ",
                "city": "SAN FRANCISCO",
                "stateCode": "CA",
                "countryCode": "USA"
              }
            }
          },
          {
            "id": "02278J",
            "amount": "00000000000051.70",
            "valueDate": "20150422",
            "postedDate": "150423",
            "tranDate": "1429686000000",
            "tranType": {
              "code": "253",
              "subCode": "TRAN",
              "description": "SFR TAXI 0286            "
            },
            "details": {
              "references": {
                "bankReference": "05410193G2L8MB877",
                "sourceAmount": "51.70",
                "transactionRefNumber": "113590000173476"
              },
              "currency": {
                "sourceCurrency": "840",
                "targetCurrency": "USD"
              }
            },
            "parties": {
              "merchant": {
                "name": "SFR TAXI 0286            LONG ISLAND CNY ",
                "mcc": "04121",
                "address": "SFR TAXI 0286            LONG ISLAND CNY ",
                "city": "LONG ISLAND C",
                "stateCode": "NY",
                "countryCode": "USA"
              }
            }
          },
          {
            "id": "02027J",
            "amount": "00000000001106.69",
            "valueDate": "20150422",
            "postedDate": "150423",
            "tranDate": "1429686000000",
            "tranType": {
              "code": "253",
              "subCode": "TRAN",
              "description": "THE ST.REGIS BEIJING     "
            },
            "details": {
              "references": {
                "bankReference": "55418673H0D7Q6ZQ0",
                "sourceAmount": "6719.90",
                "transactionRefNumber": "113551000565043"
              },
              "currency": {
                "sourceCurrency": "156",
                "targetCurrency": "USD"
              }
            },
            "parties": {
              "merchant": {
                "name": "THE ST.REGIS BEIJING     BEIJING      CN ",
                "mcc": "07011",
                "address": "THE ST.REGIS BEIJING     BEIJING      CN ",
                "city": "BEIJING      ",
                "stateCode": "CN",
                "countryCode": "CHN"
              }
            }
          },
          {
            "id": "01683G",
            "amount": "00000000000256.81",
            "valueDate": "20150416",
            "postedDate": "150417",
            "tranDate": "1429167600000",
            "tranType": {
              "code": "253",
              "subCode": "TRAN",
              "description": "MIXX                     "
            },
            "details": {
              "references": {
                "bankReference": "25536063B31TE9QL4",
                "sourceAmount": "256.81",
                "transactionRefNumber": "107510000339076"
              },
              "currency": {
                "sourceCurrency": "840",
                "targetCurrency": "USD"
              }
            },
            "parties": {
              "merchant": {
                "name": "MIXX                     MOUNTAIN VIEWCA ",
                "mcc": "05812",
                "address": "MIXX                     MOUNTAIN VIEWCA ",
                "city": "MOUNTAIN VIEW",
                "stateCode": "CA",
                "countryCode": "USA"
              }
            }
          },
          {
            "id": "01339G",
            "amount": "00000000000593.99",
            "valueDate": "20150414",
            "postedDate": "150415",
            "tranDate": "1428994800000",
            "tranType": {
              "code": "253",
              "subCode": "TRAN",
              "description": "MARRIOTT 337H4 CAMBRID   "
            },
            "details": {
              "references": {
                "bankReference": "55541863803T6L7GH",
                "sourceAmount": "593.99",
                "transactionRefNumber": "105551000559935"
              },
              "currency": {
                "sourceCurrency": "840",
                "targetCurrency": "USD"
              }
            },
            "parties": {
              "merchant": {
                "name": "MARRIOTT 337H4 CAMBRID   CAMBRIDGE    MA ",
                "mcc": "03509",
                "address": "MARRIOTT 337H4 CAMBRID   CAMBRIDGE    MA ",
                "city": "CAMBRIDGE    ",
                "stateCode": "MA",
                "countryCode": "USA"
              }
            }
          },
          {
            "id": "      ",
            "amount": "-0000000000245.28",
            "valueDate": "20150327",
            "postedDate": "150327",
            "tranDate": "1427439600000",
            "tranType": {
              "code": "271",
              "subCode": "TRAN",
              "description": "AUTOMATIC PAYMENT - THANK"
            },
            "details": {
              "references": {
                "bankReference": "F8077002N00CHGDDA",
                "sourceAmount": "0.00",
                "transactionRefNumber": "000000000000000"
              },
              "currency": {
                "sourceCurrency": "   ",
                "targetCurrency": "USD"
              }
            },
            "parties": {
              "merchant": {
                "name": "AUTOMATIC PAYMENT - THANK YOU            ",
                "mcc": "00000",
                "address": "AUTOMATIC PAYMENT - THANK YOU            ",
                "city": " YOU         ",
                "stateCode": "  ",
                "countryCode": "   "
              }
            }
          },
          {
            "id": "02406G",
            "amount": "00000000000245.28",
            "valueDate": "20150324",
            "postedDate": "150326",
            "tranDate": "1427180400000",
            "tranType": {
              "code": "253",
              "subCode": "TRAN",
              "description": "WYNN LAS VEGAS HOTEL     "
            },
            "details": {
              "references": {
                "bankReference": "55432862L003DG52W",
                "sourceAmount": "245.28",
                "transactionRefNumber": "085551000548942"
              },
              "currency": {
                "sourceCurrency": "840",
                "targetCurrency": "USD"
              }
            },
            "parties": {
              "merchant": {
                "name": "WYNN LAS VEGAS HOTEL     702-770-2540 NV ",
                "mcc": "03596",
                "address": "WYNN LAS VEGAS HOTEL     702-770-2540 NV ",
                "city": "702-770-2540 ",
                "stateCode": "NV",
                "countryCode": "USA"
              }
            }
          },
          {
            "id": "      ",
            "amount": "-0000000000002.25",
            "valueDate": "20150323",
            "postedDate": "150323",
            "tranDate": "1427094000000",
            "tranType": {
              "code": "271",
              "subCode": "TRAN",
              "description": "AUTOMATIC PAYMENT - THANK"
            },
            "details": {
              "references": {
                "bankReference": "F8077002J00CHGDDA",
                "sourceAmount": "0.00",
                "transactionRefNumber": "000000000000000"
              },
              "currency": {
                "sourceCurrency": "   ",
                "targetCurrency": "USD"
              }
            },
            "parties": {
              "merchant": {
                "name": "AUTOMATIC PAYMENT - THANK YOU            ",
                "mcc": "00000",
                "address": "AUTOMATIC PAYMENT - THANK YOU            ",
                "city": " YOU         ",
                "stateCode": "  ",
                "countryCode": "   "
              }
            }
          },
          {
            "id": "02088G",
            "amount": "00000000000002.25",
            "valueDate": "20150320",
            "postedDate": "150322",
            "tranDate": "1426834800000",
            "tranType": {
              "code": "253",
              "subCode": "TRAN",
              "description": "STANFORD PARKING METER   "
            },
            "details": {
              "references": {
                "bankReference": "55429502F2N1Y5V0G",
                "sourceAmount": "2.25",
                "transactionRefNumber": "081510000465815"
              },
              "currency": {
                "sourceCurrency": "840",
                "targetCurrency": "USD"
              }
            },
            "parties": {
              "merchant": {
                "name": "STANFORD PARKING METER   STANFORD     CA ",
                "mcc": "07523",
                "address": "STANFORD PARKING METER   STANFORD     CA ",
                "city": "STANFORD     ",
                "stateCode": "CA",
                "countryCode": "USA"
              }
            }
          },
          {
            "id": "      ",
            "amount": "-0000000000181.80",
            "valueDate": "20150317",
            "postedDate": "150317",
            "tranDate": "1426575600000",
            "tranType": {
              "code": "271",
              "subCode": "TRAN",
              "description": "AUTOMATIC PAYMENT - THANK"
            },
            "details": {
              "references": {
                "bankReference": "F8077002C00CHGDDA",
                "sourceAmount": "0.00",
                "transactionRefNumber": "000000000000000"
              },
              "currency": {
                "sourceCurrency": "   ",
                "targetCurrency": "USD"
              }
            },
            "parties": {
              "merchant": {
                "name": "AUTOMATIC PAYMENT - THANK YOU            ",
                "mcc": "00000",
                "address": "AUTOMATIC PAYMENT - THANK YOU            ",
                "city": " YOU         ",
                "stateCode": "  ",
                "countryCode": "   "
              }
            }
          },
          {
            "id": "00950G",
            "amount": "00000000000080.25",
            "valueDate": "20150309",
            "postedDate": "150310",
            "tranDate": "1425884400000",
            "tranType": {
              "code": "253",
              "subCode": "TRAN",
              "description": "MOZILLA FOUNDATION       "
            },
            "details": {
              "references": {
                "bankReference": "554295024S0PBEKB4",
                "sourceAmount": "80.25",
                "transactionRefNumber": "069551000566115"
              },
              "currency": {
                "sourceCurrency": "840",
                "targetCurrency": "USD"
              }
            },
            "parties": {
              "merchant": {
                "name": "MOZILLA FOUNDATION       6509030800   CA ",
                "mcc": "08641",
                "address": "MOZILLA FOUNDATION       6509030800   CA ",
                "city": "6509030800   ",
                "stateCode": "CA",
                "countryCode": "USA"
              }
            }
          },
          {
            "id": "00964G",
            "amount": "00000000000044.55",
            "valueDate": "20150309",
            "postedDate": "150310",
            "tranDate": "1425884400000",
            "tranType": {
              "code": "253",
              "subCode": "TRAN",
              "description": "SQ *TAXI SF AMERICAN     "
            },
            "details": {
              "references": {
                "bankReference": "55432862500HFFA4Q",
                "sourceAmount": "44.55",
                "transactionRefNumber": "069551000566250"
              },
              "currency": {
                "sourceCurrency": "840",
                "targetCurrency": "USD"
              }
            },
            "parties": {
              "merchant": {
                "name": "SQ *TAXI SF AMERICAN     BELMONT      CA ",
                "mcc": "04121",
                "address": "SQ *TAXI SF AMERICAN     BELMONT      CA ",
                "city": "BELMONT      ",
                "stateCode": "CA",
                "countryCode": "USA"
              }
            }
          },
          {
            "id": "00624G",
            "amount": "00000000000057.00",
            "valueDate": "20150306",
            "postedDate": "150309",
            "tranDate": "1425628800000",
            "tranType": {
              "code": "253",
              "subCode": "TRAN",
              "description": "HOTEL MELIA BARCELONA    "
            },
            "details": {
              "references": {
                "bankReference": "75468012163LGYA0D",
                "sourceAmount": "51.50",
                "transactionRefNumber": "068580001575497"
              },
              "currency": {
                "sourceCurrency": "978",
                "targetCurrency": "USD"
              }
            },
            "parties": {
              "merchant": {
                "name": "HOTEL MELIA BARCELONA    BARCELONA    ES ",
                "mcc": "03548",
                "address": "HOTEL MELIA BARCELONA    BARCELONA    ES ",
                "city": "BARCELONA    ",
                "stateCode": "ES",
                "countryCode": "   "
              }
            }
          },
          {
            "id": "      ",
            "amount": "-0000000000257.33",
            "valueDate": "20150304",
            "postedDate": "150304",
            "tranDate": "1425456000000",
            "tranType": {
              "code": "271",
              "subCode": "TRAN",
              "description": "AUTOMATIC PAYMENT - THANK"
            },
            "details": {
              "references": {
                "bankReference": "F8077001Z00CHGDDA",
                "sourceAmount": "0.00",
                "transactionRefNumber": "000000000000000"
              },
              "currency": {
                "sourceCurrency": "   ",
                "targetCurrency": "USD"
              }
            },
            "parties": {
              "merchant": {
                "name": "AUTOMATIC PAYMENT - THANK YOU            ",
                "mcc": "00000",
                "address": "AUTOMATIC PAYMENT - THANK YOU            ",
                "city": " YOU         ",
                "stateCode": "  ",
                "countryCode": "   "
              }
            }
          },
          {
            "id": "02954G",
            "amount": "00000000000052.80",
            "valueDate": "20150129",
            "postedDate": "150201",
            "tranDate": "1422518400000",
            "tranType": {
              "code": "253",
              "subCode": "TRAN",
              "description": "SFR TAXI 0880            "
            },
            "details": {
              "references": {
                "bankReference": "05410190Y2KZAYFJ5",
                "sourceAmount": "52.80",
                "transactionRefNumber": "032590000159764"
              },
              "currency": {
                "sourceCurrency": "840",
                "targetCurrency": "USD"
              }
            },
            "parties": {
              "merchant": {
                "name": "SFR TAXI 0880            LONG ISLAND CNY ",
                "mcc": "04121",
                "address": "SFR TAXI 0880            LONG ISLAND CNY ",
                "city": "LONG ISLAND C",
                "stateCode": "NY",
                "countryCode": "USA"
              }
            }
          },
          {
            "id": "02660G",
            "amount": "00000000000889.28",
            "valueDate": "20150129",
            "postedDate": "150201",
            "tranDate": "1422518400000",
            "tranType": {
              "code": "253",
              "subCode": "TRAN",
              "description": "HOTEL AMIGO              "
            },
            "details": {
              "references": {
                "bankReference": "15423990Z004KHZHF",
                "sourceAmount": "772.84",
                "transactionRefNumber": "032551000518245"
              },
              "currency": {
                "sourceCurrency": "978",
                "targetCurrency": "USD",
                "exchangeRate": "1.128098959",
                "conversionFee": "17.44000244140625",
                "convertedFrom": "772.84 "
              }
            },
            "parties": {
              "merchant": {
                "name": "HOTEL AMIGO              BRUSSELS     BE ",
                "mcc": "07011",
                "address": "HOTEL AMIGO              BRUSSELS     BE ",
                "city": "BRUSSELS     ",
                "stateCode": "BE",
                "countryCode": "   "
              }
            }
          },
          {
            "id": "      ",
            "amount": "-0000000000015.00",
            "valueDate": "20150128",
            "postedDate": "150128",
            "tranDate": "1422432000000",
            "tranType": {
              "code": "271",
              "subCode": "TRAN",
              "description": "AUTOMATIC PAYMENT - THANK"
            },
            "details": {
              "references": {
                "bankReference": "F8077000W00CHGDDA",
                "sourceAmount": "0.00",
                "transactionRefNumber": "000000000000000"
              },
              "currency": {
                "sourceCurrency": "   ",
                "targetCurrency": "USD"
              }
            },
            "parties": {
              "merchant": {
                "name": "AUTOMATIC PAYMENT - THANK YOU            ",
                "mcc": "00000",
                "address": "AUTOMATIC PAYMENT - THANK YOU            ",
                "city": " YOU         ",
                "stateCode": "  ",
                "countryCode": "   "
              }
            }
          },
          {
            "id": "02772G",
            "amount": "00000000000050.00",
            "valueDate": "20150128",
            "postedDate": "150130",
            "tranDate": "1422432000000",
            "tranType": {
              "code": "253",
              "subCode": "TRAN",
              "description": "NATIONAL PRAYER BREAKF   "
            },
            "details": {
              "references": {
                "bankReference": "85504990XS66G9AT4",
                "sourceAmount": "50.00",
                "transactionRefNumber": "030580000408365"
              },
              "currency": {
                "sourceCurrency": "840",
                "targetCurrency": "USD"
              }
            },
            "parties": {
              "merchant": {
                "name": "NATIONAL PRAYER BREAKF   202-2669970  DC ",
                "mcc": "08398",
                "address": "NATIONAL PRAYER BREAKF   202-2669970  DC ",
                "city": "202-2669970  ",
                "stateCode": "DC",
                "countryCode": "USA"
              }
            }
          },
          {
            "id": "02424G",
            "amount": "00000000000100.00",
            "valueDate": "20150124",
            "postedDate": "150126",
            "tranDate": "1422086400000",
            "tranType": {
              "code": "253",
              "subCode": "TRAN",
              "description": "NATIONAL PRAYER BREAKF   "
            },
            "details": {
              "references": {
                "bankReference": "85504990TS66G2QS8",
                "sourceAmount": "100.00",
                "transactionRefNumber": "026580001563664"
              },
              "currency": {
                "sourceCurrency": "840",
                "targetCurrency": "USD"
              }
            },
            "parties": {
              "merchant": {
                "name": "NATIONAL PRAYER BREAKF   202-2669970  DC ",
                "mcc": "08398",
                "address": "NATIONAL PRAYER BREAKF   202-2669970  DC ",
                "city": "202-2669970  ",
                "stateCode": "DC",
                "countryCode": "USA"
              }
            }
          },
          {
            "id": "02255G",
            "amount": "00000000006500.00",
            "valueDate": "20150122",
            "postedDate": "150123",
            "tranDate": "1421913600000",
            "tranType": {
              "code": "253",
              "subCode": "TRAN",
              "description": "REVERE DIGITAL LLC       "
            },
            "details": {
              "references": {
                "bankReference": "25419790P064304X7",
                "sourceAmount": "6500.00",
                "transactionRefNumber": "023510000340985"
              },
              "currency": {
                "sourceCurrency": "840",
                "targetCurrency": "USD"
              }
            },
            "parties": {
              "merchant": {
                "name": "REVERE DIGITAL LLC       SAN MARTIN   CA ",
                "mcc": "07399",
                "address": "REVERE DIGITAL LLC       SAN MARTIN   CA ",
                "city": "SAN MARTIN   ",
                "stateCode": "CA",
                "countryCode": "USA"
              }
            }
          },
          {
            "id": "      ",
            "amount": "-0000000000121.85",
            "valueDate": "20150120",
            "postedDate": "150120",
            "tranDate": "1421740800000",
            "tranType": {
              "code": "271",
              "subCode": "TRAN",
              "description": "AUTOMATIC PAYMENT - THANK"
            },
            "details": {
              "references": {
                "bankReference": "F8077000L00CHGDDA",
                "sourceAmount": "0.00",
                "transactionRefNumber": "000000000000000"
              },
              "currency": {
                "sourceCurrency": "   ",
                "targetCurrency": "USD"
              }
            },
            "parties": {
              "merchant": {
                "name": "AUTOMATIC PAYMENT - THANK YOU            ",
                "mcc": "00000",
                "address": "AUTOMATIC PAYMENT - THANK YOU            ",
                "city": " YOU         ",
                "stateCode": "  ",
                "countryCode": "   "
              }
            }
          },
          {
            "id": "01701G",
            "amount": "00000000000033.26",
            "valueDate": "20150120",
            "postedDate": "150121",
            "tranDate": "1421740800000",
            "tranType": {
              "code": "253",
              "subCode": "TRAN",
              "description": "HOTEL BAYERISCHER HOF    "
            },
            "details": {
              "references": {
                "bankReference": "05431510L0B5LPERB",
                "sourceAmount": "28.22",
                "transactionRefNumber": "021590000151718"
              },
              "currency": {
                "sourceCurrency": "978",
                "targetCurrency": "USD",
                "exchangeRate": "1.155563430",
                "conversionFee": "0.649997711181640625",
                "convertedFrom": "28.22 "
              }
            },
            "parties": {
              "merchant": {
                "name": "HOTEL BAYERISCHER HOF    M NCHEN      DF ",
                "mcc": "07011",
                "address": "HOTEL BAYERISCHER HOF    M NCHEN      DF ",
                "city": "M NCHEN      ",
                "stateCode": "DF",
                "countryCode": "   "
              }
            }
          },
          {
            "id": "      ",
            "amount": "-0000000000015.00",
            "valueDate": "20150119",
            "postedDate": "150119",
            "tranDate": "1421654400000",
            "tranType": {
              "code": "271",
              "subCode": "TRAN",
              "description": "AUTOMATIC PAYMENT - THANK"
            },
            "details": {
              "references": {
                "bankReference": "F8077000K00CHGDDA",
                "sourceAmount": "0.00",
                "transactionRefNumber": "000000000000000"
              },
              "currency": {
                "sourceCurrency": "   ",
                "targetCurrency": "USD"
              }
            },
            "parties": {
              "merchant": {
                "name": "AUTOMATIC PAYMENT - THANK YOU            ",
                "mcc": "00000",
                "address": "AUTOMATIC PAYMENT - THANK YOU            ",
                "city": " YOU         ",
                "stateCode": "  ",
                "countryCode": "   "
              }
            }
          },
          {
            "id": "      ",
            "amount": "-0000000000006.00",
            "valueDate": "20150114",
            "postedDate": "150114",
            "tranDate": "1421222400000",
            "tranType": {
              "code": "271",
              "subCode": "TRAN",
              "description": "AUTOMATIC PAYMENT - THANK"
            },
            "details": {
              "references": {
                "bankReference": "F8077000E00CHGDDA",
                "sourceAmount": "0.00",
                "transactionRefNumber": "000000000000000"
              },
              "currency": {
                "sourceCurrency": "   ",
                "targetCurrency": "USD"
              }
            },
            "parties": {
              "merchant": {
                "name": "AUTOMATIC PAYMENT - THANK YOU            ",
                "mcc": "00000",
                "address": "AUTOMATIC PAYMENT - THANK YOU            ",
                "city": " YOU         ",
                "stateCode": "  ",
                "countryCode": "   "
              }
            }
          },
          {
            "id": "      ",
            "amount": "-0000000000010.00",
            "valueDate": "20150109",
            "postedDate": "150109",
            "tranDate": "1420790400000",
            "tranType": {
              "code": "271",
              "subCode": "TRAN",
              "description": "AUTOMATIC PAYMENT - THANK"
            },
            "details": {
              "references": {
                "bankReference": "F8077000900CHGDDA",
                "sourceAmount": "0.00",
                "transactionRefNumber": "000000000000000"
              },
              "currency": {
                "sourceCurrency": "   ",
                "targetCurrency": "USD"
              }
            },
            "parties": {
              "merchant": {
                "name": "AUTOMATIC PAYMENT - THANK YOU            ",
                "mcc": "00000",
                "address": "AUTOMATIC PAYMENT - THANK YOU            ",
                "city": " YOU         ",
                "stateCode": "  ",
                "countryCode": "   "
              }
            }
          },
          {
            "id": "      ",
            "amount": "-0000000000010.00",
            "valueDate": "20150105",
            "postedDate": "150105",
            "tranDate": "1420444800000",
            "tranType": {
              "code": "271",
              "subCode": "TRAN",
              "description": "AUTOMATIC PAYMENT - THANK"
            },
            "details": {
              "references": {
                "bankReference": "F8077000500CHGDDA",
                "sourceAmount": "0.00",
                "transactionRefNumber": "000000000000000"
              },
              "currency": {
                "sourceCurrency": "   ",
                "targetCurrency": "USD"
              }
            },
            "parties": {
              "merchant": {
                "name": "AUTOMATIC PAYMENT - THANK YOU            ",
                "mcc": "00000",
                "address": "AUTOMATIC PAYMENT - THANK YOU            ",
                "city": " YOU         ",
                "stateCode": "  ",
                "countryCode": "   "
              }
            }
          },
          {
            "id": "      ",
            "amount": "00000000000002.05",
            "valueDate": "20150103",
            "postedDate": "150103",
            "tranDate": "1420272000000",
            "tranType": {
              "code": "963",
              "subCode": "TRAN",
              "description": "Interest Charge on Purcha"
            },
            "details": {
              "references": {
                "bankReference": "                 ",
                "sourceAmount": "2.05",
                "transactionRefNumber": "000000000000000"
              },
              "currency": {
                "sourceCurrency": "840",
                "targetCurrency": "USD"
              }
            },
            "parties": {
              "merchant": {
                "name": "Interest Charge on Purchases             ",
                "mcc": "00000",
                "address": "Interest Charge on Purchases             ",
                "city": "             ",
                "stateCode": "  ",
                "countryCode": "USA"
              }
            }
          },
          {
            "id": "      ",
            "amount": "-0000000000020.00",
            "valueDate": "20150102",
            "postedDate": "150102",
            "tranDate": "1420185600000",
            "tranType": {
              "code": "271",
              "subCode": "TRAN",
              "description": "AUTOMATIC PAYMENT - THANK"
            },
            "details": {
              "references": {
                "bankReference": "F8077000200CHGDDA",
                "sourceAmount": "0.00",
                "transactionRefNumber": "000000000000000"
              },
              "currency": {
                "sourceCurrency": "   ",
                "targetCurrency": "USD"
              }
            },
            "parties": {
              "merchant": {
                "name": "AUTOMATIC PAYMENT - THANK YOU            ",
                "mcc": "00000",
                "address": "AUTOMATIC PAYMENT - THANK YOU            ",
                "city": " YOU         ",
                "stateCode": "  ",
                "countryCode": "   "
              }
            }
          },
          {
            "id": "      ",
            "amount": "-0000000000015.00",
            "valueDate": "20141230",
            "postedDate": "141230",
            "tranDate": "1419926400000",
            "tranType": {
              "code": "271",
              "subCode": "TRAN",
              "description": "AUTOMATIC PAYMENT - THANK"
            },
            "details": {
              "references": {
                "bankReference": "F807700PW00CHGDDA",
                "sourceAmount": "0.00",
                "transactionRefNumber": "000000000000000"
              },
              "currency": {
                "sourceCurrency": "   ",
                "targetCurrency": "USD"
              }
            },
            "parties": {
              "merchant": {
                "name": "AUTOMATIC PAYMENT - THANK YOU            ",
                "mcc": "00000",
                "address": "AUTOMATIC PAYMENT - THANK YOU            ",
                "city": " YOU         ",
                "stateCode": "  ",
                "countryCode": "   "
              }
            }
          },
          {
            "id": "      ",
            "amount": "-0000000000015.00",
            "valueDate": "20141226",
            "postedDate": "141226",
            "tranDate": "1419580800000",
            "tranType": {
              "code": "271",
              "subCode": "TRAN",
              "description": "AUTOMATIC PAYMENT - THANK"
            },
            "details": {
              "references": {
                "bankReference": "F807700PR00CHGDDA",
                "sourceAmount": "0.00",
                "transactionRefNumber": "000000000000000"
              },
              "currency": {
                "sourceCurrency": "   ",
                "targetCurrency": "USD"
              }
            },
            "parties": {
              "merchant": {
                "name": "AUTOMATIC PAYMENT - THANK YOU            ",
                "mcc": "00000",
                "address": "AUTOMATIC PAYMENT - THANK YOU            ",
                "city": " YOU         ",
                "stateCode": "  ",
                "countryCode": "   "
              }
            }
          },
          {
            "id": "      ",
            "amount": "-0000000000015.00",
            "valueDate": "20141225",
            "postedDate": "141225",
            "tranDate": "1419494400000",
            "tranType": {
              "code": "271",
              "subCode": "TRAN",
              "description": "AUTOMATIC PAYMENT - THANK"
            },
            "details": {
              "references": {
                "bankReference": "F807700PP00CHGDDA",
                "sourceAmount": "0.00",
                "transactionRefNumber": "000000000000000"
              },
              "currency": {
                "sourceCurrency": "   ",
                "targetCurrency": "USD"
              }
            },
            "parties": {
              "merchant": {
                "name": "AUTOMATIC PAYMENT - THANK YOU            ",
                "mcc": "00000",
                "address": "AUTOMATIC PAYMENT - THANK YOU            ",
                "city": " YOU         ",
                "stateCode": "  ",
                "countryCode": "   "
              }
            }
          },
          {
            "id": "      ",
            "amount": "-0000000000015.00",
            "valueDate": "20141224",
            "postedDate": "141224",
            "tranDate": "1419408000000",
            "tranType": {
              "code": "271",
              "subCode": "TRAN",
              "description": "AUTOMATIC PAYMENT - THANK"
            },
            "details": {
              "references": {
                "bankReference": "F807700PN00CHGDDA",
                "sourceAmount": "0.00",
                "transactionRefNumber": "000000000000000"
              },
              "currency": {
                "sourceCurrency": "   ",
                "targetCurrency": "USD"
              }
            },
            "parties": {
              "merchant": {
                "name": "AUTOMATIC PAYMENT - THANK YOU            ",
                "mcc": "00000",
                "address": "AUTOMATIC PAYMENT - THANK YOU            ",
                "city": " YOU         ",
                "stateCode": "  ",
                "countryCode": "   "
              }
            }
          },
          {
            "id": "      ",
            "amount": "-0000000000240.00",
            "valueDate": "20141203",
            "postedDate": "141203",
            "tranDate": "1417593600000",
            "tranType": {
              "code": "271",
              "subCode": "TRAN",
              "description": "AUTOMATIC PAYMENT - THANK"
            },
            "details": {
              "references": {
                "bankReference": "F807700P100CHGDDA",
                "sourceAmount": "0.00",
                "transactionRefNumber": "000000000000000"
              },
              "currency": {
                "sourceCurrency": "   ",
                "targetCurrency": "USD"
              }
            },
            "parties": {
              "merchant": {
                "name": "AUTOMATIC PAYMENT - THANK YOU            ",
                "mcc": "00000",
                "address": "AUTOMATIC PAYMENT - THANK YOU            ",
                "city": " YOU         ",
                "stateCode": "  ",
                "countryCode": "   "
              }
            }
          },
          {
            "id": "      ",
            "amount": "-0000000000001.00",
            "valueDate": "20141120",
            "postedDate": "141120",
            "tranDate": "1416470400000",
            "tranType": {
              "code": "271",
              "subCode": "TRAN",
              "description": "AUTOMATIC PAYMENT - THANK"
            },
            "details": {
              "references": {
                "bankReference": "F807700NL00CHGDDA",
                "sourceAmount": "0.00",
                "transactionRefNumber": "000000000000000"
              },
              "currency": {
                "sourceCurrency": "   ",
                "targetCurrency": "USD"
              }
            },
            "parties": {
              "merchant": {
                "name": "AUTOMATIC PAYMENT - THANK YOU            ",
                "mcc": "00000",
                "address": "AUTOMATIC PAYMENT - THANK YOU            ",
                "city": " YOU         ",
                "stateCode": "  ",
                "countryCode": "   "
              }
            }
          },
          {
            "id": "      ",
            "amount": "-0000000000010.00",
            "valueDate": "20141119",
            "postedDate": "141119",
            "tranDate": "1416384000000",
            "tranType": {
              "code": "271",
              "subCode": "TRAN",
              "description": "AUTOMATIC PAYMENT - THANK"
            },
            "details": {
              "references": {
                "bankReference": "F807700NK00CHGDDA",
                "sourceAmount": "0.00",
                "transactionRefNumber": "000000000000000"
              },
              "currency": {
                "sourceCurrency": "   ",
                "targetCurrency": "USD"
              }
            },
            "parties": {
              "merchant": {
                "name": "AUTOMATIC PAYMENT - THANK YOU            ",
                "mcc": "00000",
                "address": "AUTOMATIC PAYMENT - THANK YOU            ",
                "city": " YOU         ",
                "stateCode": "  ",
                "countryCode": "   "
              }
            }
          },
          {
            "id": "      ",
            "amount": "-0000000000025.00",
            "valueDate": "20141119",
            "postedDate": "141126",
            "tranDate": "1416384000000",
            "tranType": {
              "code": "255",
              "subCode": "TRAN",
              "description": "SOUTHWEST FOUNDATION     "
            },
            "details": {
              "references": {
                "bankReference": "5543687NT3W2Y3GMS",
                "sourceAmount": "-25.00",
                "transactionRefNumber": "330480000432951"
              },
              "currency": {
                "sourceCurrency": "840",
                "targetCurrency": "USD"
              }
            },
            "parties": {
              "merchant": {
                "name": "SOUTHWEST FOUNDATION     661-8595 CREDIT ",
                "mcc": "08398",
                "address": "SOUTHWEST FOUNDATION     661-8595 CREDIT ",
                "city": "661-8595 CRED",
                "stateCode": "IT",
                "countryCode": "USA"
              }
            }
          },
          {
            "id": "      ",
            "amount": "-0000000000001.00",
            "valueDate": "20141118",
            "postedDate": "141118",
            "tranDate": "1416297600000",
            "tranType": {
              "code": "271",
              "subCode": "TRAN",
              "description": "AUTOMATIC PAYMENT - THANK"
            },
            "details": {
              "references": {
                "bankReference": "F807700NJ00CHGDDA",
                "sourceAmount": "0.00",
                "transactionRefNumber": "000000000000000"
              },
              "currency": {
                "sourceCurrency": "   ",
                "targetCurrency": "USD"
              }
            },
            "parties": {
              "merchant": {
                "name": "AUTOMATIC PAYMENT - THANK YOU            ",
                "mcc": "00000",
                "address": "AUTOMATIC PAYMENT - THANK YOU            ",
                "city": " YOU         ",
                "stateCode": "  ",
                "countryCode": "   "
              }
            }
          },
          {
            "id": "      ",
            "amount": "-0000000000001.00",
            "valueDate": "20141117",
            "postedDate": "141117",
            "tranDate": "1416211200000",
            "tranType": {
              "code": "271",
              "subCode": "TRAN",
              "description": "AUTOMATIC PAYMENT - THANK"
            },
            "details": {
              "references": {
                "bankReference": "F807700NH00CHGDDA",
                "sourceAmount": "0.00",
                "transactionRefNumber": "000000000000000"
              },
              "currency": {
                "sourceCurrency": "   ",
                "targetCurrency": "USD"
              }
            },
            "parties": {
              "merchant": {
                "name": "AUTOMATIC PAYMENT - THANK YOU            ",
                "mcc": "00000",
                "address": "AUTOMATIC PAYMENT - THANK YOU            ",
                "city": " YOU         ",
                "stateCode": "  ",
                "countryCode": "   "
              }
            }
          },
          {
            "id": "      ",
            "amount": "-0000000000240.00",
            "valueDate": "20141114",
            "postedDate": "141114",
            "tranDate": "1415952000000",
            "tranType": {
              "code": "271",
              "subCode": "TRAN",
              "description": "AUTOMATIC PAYMENT - THANK"
            },
            "details": {
              "references": {
                "bankReference": "F807700NE00CHGDDA",
                "sourceAmount": "0.00",
                "transactionRefNumber": "000000000000000"
              },
              "currency": {
                "sourceCurrency": "   ",
                "targetCurrency": "USD"
              }
            },
            "parties": {
              "merchant": {
                "name": "AUTOMATIC PAYMENT - THANK YOU            ",
                "mcc": "00000",
                "address": "AUTOMATIC PAYMENT - THANK YOU            ",
                "city": " YOU         ",
                "stateCode": "  ",
                "countryCode": "   "
              }
            }
          },
          {
            "id": "      ",
            "amount": "-0000000000240.00",
            "valueDate": "20141113",
            "postedDate": "141113",
            "tranDate": "1415865600000",
            "tranType": {
              "code": "271",
              "subCode": "TRAN",
              "description": "AUTOMATIC PAYMENT - THANK"
            },
            "details": {
              "references": {
                "bankReference": "F807700ND00CHGDDA",
                "sourceAmount": "0.00",
                "transactionRefNumber": "000000000000000"
              },
              "currency": {
                "sourceCurrency": "   ",
                "targetCurrency": "USD"
              }
            },
            "parties": {
              "merchant": {
                "name": "AUTOMATIC PAYMENT - THANK YOU            ",
                "mcc": "00000",
                "address": "AUTOMATIC PAYMENT - THANK YOU            ",
                "city": " YOU         ",
                "stateCode": "  ",
                "countryCode": "   "
              }
            }
          },
          {
            "id": "      ",
            "amount": "-0000000000240.00",
            "valueDate": "20141112",
            "postedDate": "141112",
            "tranDate": "1415779200000",
            "tranType": {
              "code": "271",
              "subCode": "TRAN",
              "description": "AUTOMATIC PAYMENT - THANK"
            },
            "details": {
              "references": {
                "bankReference": "F807700NC00CHGDDA",
                "sourceAmount": "0.00",
                "transactionRefNumber": "000000000000000"
              },
              "currency": {
                "sourceCurrency": "   ",
                "targetCurrency": "USD"
              }
            },
            "parties": {
              "merchant": {
                "name": "AUTOMATIC PAYMENT - THANK YOU            ",
                "mcc": "00000",
                "address": "AUTOMATIC PAYMENT - THANK YOU            ",
                "city": " YOU         ",
                "stateCode": "  ",
                "countryCode": "   "
              }
            }
          },
          {
            "id": "01282J",
            "amount": "00000000000550.00",
            "valueDate": "20141112",
            "postedDate": "141114",
            "tranDate": "1415779200000",
            "tranType": {
              "code": "253",
              "subCode": "TRAN",
              "description": "NATIONAL PRAYER BREAKF   "
            },
            "details": {
              "references": {
                "bankReference": "8550499NDS66DM36S",
                "sourceAmount": "550.00",
                "transactionRefNumber": "318480000418816"
              },
              "currency": {
                "sourceCurrency": "840",
                "targetCurrency": "USD"
              }
            },
            "parties": {
              "merchant": {
                "name": "NATIONAL PRAYER BREAKF   202-2669970  DC ",
                "mcc": "08398",
                "address": "NATIONAL PRAYER BREAKF   202-2669970  DC ",
                "city": "202-2669970  ",
                "stateCode": "DC",
                "countryCode": "USA"
              }
            }
          },
          {
            "id": "      ",
            "amount": "-0000000000550.00",
            "valueDate": "20141111",
            "postedDate": "141118",
            "tranDate": "1415692800000",
            "tranType": {
              "code": "255",
              "subCode": "TRAN",
              "description": "SOUTHWEST FOUNDATION     "
            },
            "details": {
              "references": {
                "bankReference": "5543687NH7YQL7WVK",
                "sourceAmount": "-550.00",
                "transactionRefNumber": "322480000321574"
              },
              "currency": {
                "sourceCurrency": "840",
                "targetCurrency": "USD"
              }
            },
            "parties": {
              "merchant": {
                "name": "SOUTHWEST FOUNDATION     661-8595 CREDIT ",
                "mcc": "08398",
                "address": "SOUTHWEST FOUNDATION     661-8595 CREDIT ",
                "city": "661-8595 CRED",
                "stateCode": "IT",
                "countryCode": "USA"
              }
            }
          },
          {
            "id": "01134J",
            "amount": "00000000000125.00",
            "valueDate": "20141111",
            "postedDate": "141112",
            "tranDate": "1415692800000",
            "tranType": {
              "code": "253",
              "subCode": "TRAN",
              "description": "SOUTHWEST FOUNDATION     "
            },
            "details": {
              "references": {
                "bankReference": "5543687NB7YQL7WW3",
                "sourceAmount": "125.00",
                "transactionRefNumber": "316451000582596"
              },
              "currency": {
                "sourceCurrency": "840",
                "targetCurrency": "USD"
              }
            },
            "parties": {
              "merchant": {
                "name": "SOUTHWEST FOUNDATION     661-8595720  CA ",
                "mcc": "08398",
                "address": "SOUTHWEST FOUNDATION     661-8595720  CA ",
                "city": "661-8595720  ",
                "stateCode": "CA",
                "countryCode": "USA"
              }
            }
          },
          {
            "id": "01095J",
            "amount": "00000000000550.00",
            "valueDate": "20141111",
            "postedDate": "141113",
            "tranDate": "1415692800000",
            "tranType": {
              "code": "253",
              "subCode": "TRAN",
              "description": "SOUTHWEST FOUNDATION     "
            },
            "details": {
              "references": {
                "bankReference": "5543687NQ4PYLYPF4",
                "sourceAmount": "550.00",
                "transactionRefNumber": "317480000414550"
              },
              "currency": {
                "sourceCurrency": "840",
                "targetCurrency": "USD"
              }
            },
            "parties": {
              "merchant": {
                "name": "SOUTHWEST FOUNDATION     661-8595720  CA ",
                "mcc": "08398",
                "address": "SOUTHWEST FOUNDATION     661-8595720  CA ",
                "city": "661-8595720  ",
                "stateCode": "CA",
                "countryCode": "USA"
              }
            }
          },
          {
            "id": "      ",
            "amount": "-0000000000001.00",
            "valueDate": "20141110",
            "postedDate": "141110",
            "tranDate": "1415606400000",
            "tranType": {
              "code": "271",
              "subCode": "TRAN",
              "description": "AUTOMATIC PAYMENT - THANK"
            },
            "details": {
              "references": {
                "bankReference": "F807700NA00CHGDDA",
                "sourceAmount": "0.00",
                "transactionRefNumber": "000000000000000"
              },
              "currency": {
                "sourceCurrency": "   ",
                "targetCurrency": "USD"
              }
            },
            "parties": {
              "merchant": {
                "name": "AUTOMATIC PAYMENT - THANK YOU            ",
                "mcc": "00000",
                "address": "AUTOMATIC PAYMENT - THANK YOU            ",
                "city": " YOU         ",
                "stateCode": "  ",
                "countryCode": "   "
              }
            }
          },
          {
            "id": "      ",
            "amount": "-0000000000240.00",
            "valueDate": "20141109",
            "postedDate": "141109",
            "tranDate": "1415520000000",
            "tranType": {
              "code": "271",
              "subCode": "TRAN",
              "description": "AUTOMATIC PAYMENT - THANK"
            },
            "details": {
              "references": {
                "bankReference": "F807700N900CHGDDA",
                "sourceAmount": "0.00",
                "transactionRefNumber": "000000000000000"
              },
              "currency": {
                "sourceCurrency": "   ",
                "targetCurrency": "USD"
              }
            },
            "parties": {
              "merchant": {
                "name": "AUTOMATIC PAYMENT - THANK YOU            ",
                "mcc": "00000",
                "address": "AUTOMATIC PAYMENT - THANK YOU            ",
                "city": " YOU         ",
                "stateCode": "  ",
                "countryCode": "   "
              }
            }
          },
          {
            "id": "00534J",
            "amount": "00000000000007.80",
            "valueDate": "20141105",
            "postedDate": "141106",
            "tranDate": "1415174400000",
            "tranType": {
              "code": "253",
              "subCode": "TRAN",
              "description": "STARBUCKS #00608 SAN C   "
            },
            "details": {
              "references": {
                "bankReference": "5543286N500TTE4B8",
                "sourceAmount": "7.80",
                "transactionRefNumber": "310490000166849"
              },
              "currency": {
                "sourceCurrency": "840",
                "targetCurrency": "USD"
              }
            },
            "parties": {
              "merchant": {
                "name": "STARBUCKS #00608 SAN C   SAN CARLOS   CA ",
                "mcc": "05814",
                "address": "STARBUCKS #00608 SAN C   SAN CARLOS   CA ",
                "city": "SAN CARLOS   ",
                "stateCode": "CA",
                "countryCode": "USA"
              }
            }
          },
          {
            "id": "      ",
            "amount": "-0000000000001.00",
            "valueDate": "20141104",
            "postedDate": "141104",
            "tranDate": "1415088000000",
            "tranType": {
              "code": "271",
              "subCode": "TRAN",
              "description": "AUTOMATIC PAYMENT - THANK"
            },
            "details": {
              "references": {
                "bankReference": "F807700N400CHGDDA",
                "sourceAmount": "0.00",
                "transactionRefNumber": "000000000000000"
              },
              "currency": {
                "sourceCurrency": "   ",
                "targetCurrency": "USD"
              }
            },
            "parties": {
              "merchant": {
                "name": "AUTOMATIC PAYMENT - THANK YOU            ",
                "mcc": "00000",
                "address": "AUTOMATIC PAYMENT - THANK YOU            ",
                "city": " YOU         ",
                "stateCode": "  ",
                "countryCode": "   "
              }
            }
          }
        ],
        "result": {
          "messageCode": "0",
          "message": "The Statement Transaction History has been successfully retrieved"
        }
      }
    }
  ]
}