{
  "data": {
    "newCards": [
      {
        "card": {
          "id": "1234",
          "workflowId":"1",
          "dbStatus": "PA"
        },
        "result": {
          "messageCode": "0",
          "message": "dsafasd"
        }
      }
    ],
    "spendLimits": [
      {
        "spendLimit": {
          "id": "123",
          "workflowId":"2",
          "dbStatus": "PA"
        },
        "result": {
          "messageCode": "0",
          "message": "dsafasd"
        }
      }
    ],
    "cashAdvances": [
      {
        "cashAdvance": {
          "id": "123",
          "workflowId":"3",
          "dbStatus": "approved"
        },
        "result": {
          "messageCode": "1",
          "message": "dsafasd"
        }
      },
      {
        "cashAdvance": {
          "id": "123",
          "workflowId":"4",
          "dbStatus": "PA"
        },
        "result": {
          "messageCode": "1",
          "message": "dsafasd"
        }
      }
    ]
  }
}