{
    "data": {
        "payments": [
            {
                "payment": {
                    "paymentId": "668887043902",
                    "amount": "MDPT",
                    "amountType": "MDPT",
                    "autopayFlag": "Y",
                    "initiatorFlag":"true",
                    "ceid": "C14269103004776810068118",
                    "paymentDate": "10/18/2015",
                    "status": "SCHEDULED",
                    "memo":"",
                    "paymentAccount": {
                        "accountId": "2472",
                        "accountType": "C",
                        "payAccountNumber": "3524",
                        "payAccountName": "My Saving",
                        "routingNumber": "272476543"
                    }
                }
            },
            {
                "payment": {
                    "paymentId": "668668220958",
                    "amount": "MDPT",
                    "amountType": "MDPT",
                    "autopayFlag": "Y",
                    "initiatorFlag":"true",
                    "ceid": "C14269103004776810068118",
                    "paymentDate": "10/18/2015",
                    "status": "SCHEDULED",
                    "paymentAccount": {
                        "accountId": "2472",
                        "accountType": "C",
                        "payAccountNumber": "3523",
                        "payAccountName": "My Checking",
                        "routingNumber": "272476543"
                    }
                }
            },
            {
                "payment": {
                    "paymentId": "661994075817",
                    "amount": "MDPT",
                    "amountType": "MDPT",
                    "autopayFlag": "Y",
                    "initiatorFlag":"true",
                    "ceid": "C14269103004776810068118",
                    "memo": "asdfsdf",
                    "paymentDate": "10/18/2015",
                    "status": "IC",
                    "paymentAccount": {
                        "accountId": "2470",
                        "accountType": "S",
                        "payAccountNumber": "5465",
                        "payAccountName":"Pay Acc",
                        "routingNumber": "123412423"
                    }
                }
            },
            {
                "payment": {
                    "paymentId": "964697222545",
                    "amount": "MDPT",
                    "amountType": "MDPT",
                    "autopayFlag": "N",
                    "initiatorFlag":"false",
                    "ceid": "C14269103004776810068118",
                    "memo": "Memo field to test the maximum",
                    "paymentDate": "10/25/2015",
                    "initiatorName": "Daniel Machock",
                    "createdDate": "09/16/2015",
                    "status": "PA",
                    "paymentAccount": {
                        "userId":"1234",
                        "createdBy":"John",
                        "accountId": "2472",
                        "accountType": "C",
                        "payAccountNumber": "7777",
                        "payAccountName":"Pay1234",
                        "routingNumber": "272476543"
                    }
                }
            },
            {
                "payment": {
                    "paymentId": "392892042751",
                    "amount": "STPT",
                    "amountType": "STPT",
                    "autopayFlag": "N",
                    "initiatorFlag":"false",
                    "ceid": "C14269103004776810068118",
                    "memo": "fitrst deploy",
                    "paymentDate": "10/30/2015",
                    "status": "SCHEDULED",
                    "paymentAccount": {
                        "accountId": "2470",
                        "accountType": "S",
                        "payAccountNumber": "3524",
                        "payAccountName": "My Saving",
                        "routingNumber": "123412423"
                    }
                }
            },
            {
                "payment": {
                    "paymentId": "279975075747",
                    "amount": "STPT",
                    "amountType": "STPT",
                    "autopayFlag": "N",
                    "initiatorFlag":"true",
                    "ceid": "C14269103004776810068118",
                    "memo": "Single Payment Memo edited in ",
                    "paymentDate": "10/31/2015",
                    "status": "SCHEDULED",
                    "paymentAccount": {
                        "accountId": "2470",
                        "accountType": "S",
                        "payAccountNumber": "5465",
                        "payAccountName": "Pay Acc",
                        "routingNumber": "123412423"
                    }
                }
            }
        ],
        "result": {
            "messageCode": "0",
            "message": "Payment retrieved successfully"
        }
    }
}