{
  "data":
    {
      "statement": {
        "dateRange": [
          {
            "name": "sdf",
            "value": "Jun 03 - Aug 25",
            "fromDate": "06/03/2015",
            "toDate": "08/25/2015"
          },
          {
            "name": "lastStatement",
            "value": "May 03 - Jun 02",
            "fromDate": "05/03/2015",
            "toDate": "06/02/2015"
          },
          {
            "name": "last3Statement",
            "value": "Apr 01 - Jun 02",
            "fromDate": "04/01/2015",
            "toDate": "06/02/2015"
          },
          {
            "name": "Lst 6 Statements",
            "value": "Jan 01 - Jun 02",
            "fromDate": "01/01/2015",
            "toDate": "06/02/2015"
          }
        ],
        "defaultRange": {
          "fromDate": "04/01/2015",
          "toDate": "06/02/2015"
        }
      },
      "result": {
        "messageCode": "0",
        "message": "Statement Dates retrieved Successfully"
      }
    }
}
