{
    "data": {
        "accountDetails": [
            {
                "account": {
                    "lastFourDigit": "1234",
                    "encAccntNumber": "",
                    "type": "C",
                    "status": "B",
                    "cardHolderName": "Arjun1",
                    "creditLimit": "10000",
                    "availableCredit": "5500",
                    "currentBalance": "2500",
                    "pending": "2000",
                    "travel": {
                        "isTravelNotification": "true",
                        "startDate": "xx",
                        "endDate": "xx"
                    },
                    "creditLimitUp": {
                        "isCreditLimitUp": "false",
                        "isCreditLimitDown": "false",
                        "dateToChangeLimit": "xx"
                    }
                }
            },
            {
                "account": {
                    "lastFourDigit": "2222",
                    "encAccntNumber": "",
                    "type": "S",
                    "status": "C",
                    "cardHolderName": "Vinoth1",
                    "creditLimit": "5500",
                    "availableCredit": "600",
                    "currentBalance": "2400",
                    "pending": "2500",
                    "travel": {
                        "isTravelNotification": "true",
                        "startDate": "xx",
                        "endDate": "xx"
                    },
                    "creditLimitUp": {
                        "isCreditLimitUp": "false",
                        "isCreditLimitDown": "false",
                        "dateToChangeLimit": "xx"
                    }
                }
            },
            {
                "account": {
                    "lastFourDigit": "5678",
                    "encAccntNumber": "",
                    "type": "S",
                    "status": "L",
                    "cardHolderName": "Steven1",
                    "creditLimit": "3000",
                    "availableCredit": "1000",
                    "currentBalance": "1500",
                    "pending": "1500",
                    "travel": {
                        "isTravelNotification": "true",
                        "startDate": "xx",
                        "endDate": "xx"
                    },
                    "creditLimitUp": {
                        "isCreditLimitUp": "false",
                        "isCreditLimitDown": "false",
                        "dateToChangeLimit": "xx"
                    }
                }
            },
            {
                "account": {
                    "lastFourDigit": "4325",
                    "encAccntNumber": "",
                    "type": "S",
                    "status": "U",
                    "cardHolderName": "Finn1",
                    "creditLimit": "7000",
                    "availableCredit": "3000",
                    "currentBalance": "4000",
                    "pending": "0",
                    "travel": {
                        "isTravelNotification": "true",
                        "startDate": "xx",
                        "endDate": "xx"
                    },
                    "creditLimitUp": {
                        "isCreditLimitUp": "false",
                        "isCreditLimitDown": "false",
                        "dateToChangeLimit": "xx"
                    }
                }
            },
            {
                "account": {
                    "lastFourDigit": "8654",
                    "encAccntNumber": "",
                    "type": "S",
                    "status": "Z",
                    "cardHolderName": "aravindh1",
                    "creditLimit": "4500",
                    "availableCredit": "500",
                    "currentBalance": "3000",
                    "pending": "1000",
                    "travel": {
                        "isTravelNotification": "true",
                        "startDate": "xx",
                        "endDate": "xx"
                    },
                    "creditLimitUp": {
                        "isCreditLimitUp": "false",
                        "isCreditLimitDown": "false",
                        "dateToChangeLimit": "xx"
                    }
                }
            },
            {
                "account": {
                    "lastFourDigit": "7456",
                    "encAccntNumber": "",
                    "type": "S",
                    "status": "A",
                    "cardHolderName": "becky1",
                    "creditLimit": "6000",
                    "availableCredit": "4500",
                    "currentBalance": "1000",
                    "pending": "500",
                    "travel": {
                        "isTravelNotification": "true",
                        "startDate": "xx",
                        "endDate": "xx"
                    },
                    "creditLimitUp": {
                        "isCreditLimitUp": "false",
                        "isCreditLimitDown": "false",
                        "dateToChangeLimit": "xx"
                    }
                }
            },
            {
                "account": {
                    "lastFourDigit": "3210",
                    "encAccntNumber": "",
                    "type": "S",
                    "status": "E",
                    "cardHolderName": "Parlton1",
                    "creditLimit": "4000",
                    "availableCredit": "2500",
                    "currentBalance": "500",
                    "pending": "1000",
                    "travel": {
                        "isTravelNotification": "true",
                        "startDate": "xx",
                        "endDate": "xx"
                    },
                    "creditLimitUp": {
                        "isCreditLimitUp": "false",
                        "isCreditLimitDown": "false",
                        "dateToChangeLimit": "xx"
                    }
                }
            },
            {
                "account": {
                    "lastFourDigit": "5409",
                    "encAccntNumber": "",
                    "type": "S",
                    "status": "F",
                    "cardHolderName": "candy1",
                    "creditLimit": "8500",
                    "availableCredit": "7500",
                    "currentBalance": "500",
                    "pending": "500",
                    "travel": {
                        "isTravelNotification": "true",
                        "startDate": "xx",
                        "endDate": "xx"
                    },
                    "creditLimitUp": {
                        "isCreditLimitUp": "false",
                        "isCreditLimitDown": "false",
                        "dateToChangeLimit": "xx"
                    }
                }
            },
            {
                "account": {
                    "lastFourDigit": "0987",
                    "encAccntNumber": "",
                    "type": "S",
                    "status": "I",
                    "cardHolderName": "stokes1",
                    "creditLimit": "4500",
                    "availableCredit": "2900",
                    "currentBalance": "1000",
                    "pending": "400",
                    "travel": {
                        "isTravelNotification": "true",
                        "startDate": "xx",
                        "endDate": "xx"
                    },
                    "creditLimitUp": {
                        "isCreditLimitUp": "false",
                        "isCreditLimitDown": "false",
                        "dateToChangeLimit": "xx"
                    }
                }
            },
            {
                "account": {
                    "lastFourDigit": "2148",
                    "encAccntNumber": "",
                    "type": "S",
                    "status": "",
                    "cardHolderName": "richardson1",
                    "creditLimit": "55000000.00",
                    "availableCredit": "50000000.00",
                    "currentBalance": "50000000.00",
                    "pending": "55000000.00",
                    "travel": {
                        "isTravelNotification": "true",
                        "startDate": "xx",
                        "endDate": "xx"
                    },
                    "creditLimitUp": {
                        "isCreditLimitUp": "true",
                        "isCreditLimitDown": "false",
                        "dateToChangeLimit": "xx"
                    }
                }
            },
            {
                "account": {
                    "lastFourDigit": "9922",
                    "encAccntNumber": "",
                    "type": "S",
                    "status": "",
                    "cardHolderName": "will smith1",
                    "creditLimit": "3500",
                    "availableCredit": "400",
                    "currentBalance": "600",
                    "pending": "2500",
                    "travel": {
                        "isTravelNotification": "true",
                        "startDate": "xx",
                        "endDate": "xx"
                    },
                    "creditLimitUp": {
                        "isCreditLimitUp": "true",
                        "isCreditLimitDown": "false",
                        "dateToChangeLimit": "xx"
                    }
                }
            },
            {
                "account": {
                    "lastFourDigit": "4123",
                    "encAccntNumber": "",
                    "type": "S",
                    "status": "",
                    "cardHolderName": "hawkins1",
                    "creditLimit": "2500",
                    "availableCredit": "1000",
                    "currentBalance": "500",
                    "pending": "1000",
                    "travel": {
                        "isTravelNotification": "true",
                        "startDate": "xx",
                        "endDate": "xx"
                    },
                    "creditLimitUp": {
                        "isCreditLimitUp": "false",
                        "isCreditLimitDown": "true",
                        "dateToChangeLimit": "xx"
                    }
                }
            },
            {
                "account": {
                    "lastFourDigit": "5466",
                    "encAccntNumber": "",
                    "type": "S",
                    "status": "",
                    "cardHolderName": "satya nadella1",
                    "creditLimit": "6000",
                    "availableCredit": "3000",
                    "currentBalance": "3000",
                    "pending": "5012",
                    "travel": {
                        "isTravelNotification": "true",
                        "startDate": "xx",
                        "endDate": "xx"
                    },
                    "creditLimitUp": {
                        "isCreditLimitUp": "false",
                        "isCreditLimitDown": "true",
                        "dateToChangeLimit": "xx"
                    }
                }
            },
            {
                "account": {
                    "lastFourDigit": "3360",
                    "encAccntNumber": "",
                    "type": "S",
                    "status": "",
                    "cardHolderName": "henry1",
                    "creditLimit": "2500",
                    "availableCredit": "1000",
                    "currentBalance": "1000",
                    "pending": "500",
                    "travel": {
                        "isTravelNotification": "true",
                        "startDate": "xx",
                        "endDate": "xx"
                    },
                    "creditLimitUp": {
                        "isCreditLimitUp": "false",
                        "isCreditLimitDown": "false",
                        "dateToChangeLimit": "xx"
                    }
                }
            }
        ],
        "hasMoreData": "true",
        "result": {
            "messageCode": "0",
            "message": "Account Detail retrieved successfully"
        }
    }
}