{
  "data": {
    "accountDetails": [
      {
        "account": {
          "lastFourDigit": "0792",
          "encAccntNumber": "10001399Control",
          "type": "C",
          "status": "B",
          "cardHolderName": "Arjun",
          "creditLimit": "10000",
          "availableCredit": "5500",
          "currentBalance": "2500",
          "pending": "2000"
        }
      },
      {
        "account": {
          "lastFourDigit": "2222",
          "encAccntNumber": "1000121",
          "type": "S",
          "status": "C",
          "cardHolderName": "Vinoth",
          "creditLimit": "5500",
          "availableCredit": "600",
          "currentBalance": "2400",
          "pending": "2500"
        }
      },
      {
        "account": {
          "lastFourDigit": "5678",
          "encAccntNumber": "1000122",
          "type": "S",
          "status": "L",
          "cardHolderName": "Steven",
          "creditLimit": "3000",
          "availableCredit": "1000",
          "currentBalance": "1500",
          "pending": "1500"
        }
      },
      {
        "account": {
          "lastFourDigit": "4325",
          "encAccntNumber": "1000123",
          "type": "S",
          "status": "U",
          "cardHolderName": "Finn",
          "creditLimit": "7000",
          "availableCredit": "3000",
          "currentBalance": "4000",
          "pending": "0"
        }
      },
      {
        "account": {
          "lastFourDigit": "8654",
          "encAccntNumber": "1000124",
          "type": "S",
          "status": "Z",
          "cardHolderName": "aravindh",
          "creditLimit": "4500",
          "availableCredit": "500",
          "currentBalance": "3000",
          "pending": "1000"
        }
      },
      {
        "account": {
          "lastFourDigit": "7456",
          "encAccntNumber": "",
          "type": "S",
          "status": "A",
          "cardHolderName": "becky",
          "creditLimit": "6000",
          "availableCredit": "4500",
          "currentBalance": "1000",
          "pending": "500"
        }
      },
      {
        "account": {
          "lastFourDigit": "3210",
          "encAccntNumber": "1000125",
          "type": "S",
          "status": "E",
          "cardHolderName": "Parlton",
          "creditLimit": "4000",
          "availableCredit": "2500",
          "currentBalance": "500",
          "pending": "1000"
        }
      },
      {
        "account": {
          "lastFourDigit": "5409",
          "encAccntNumber": "1000126",
          "type": "S",
          "status": "F",
          "cardHolderName": "candy",
          "creditLimit": "8500",
          "availableCredit": "7500",
          "currentBalance": "500",
          "pending": "500"
        }
      },
      {
        "account": {
          "lastFourDigit": "0987",
          "encAccntNumber": "1000127",
          "type": "S",
          "status": "I",
          "cardHolderName": "stokes",
          "creditLimit": "4500",
          "availableCredit": "2900",
          "currentBalance": "1000",
          "pending": "400"
        }
      },
      {
        "account": {
          "lastFourDigit": "2148",
          "encAccntNumber": "1000128",
          "type": "S",
          "status": "[blank]",
          "cardHolderName": "richardson",
          "creditLimit": "2500",
          "availableCredit": "500",
          "currentBalance": "1200",
          "pending": "800"
        }
      },
      {
        "account": {
          "lastFourDigit": "9922",
          "encAccntNumber": "",
          "type": "S",
          "status": "[blank]",
          "cardHolderName": "will smith",
          "creditLimit": "3500",
          "availableCredit": "400",
          "currentBalance": "600",
          "pending": "2500"
        }
      },
      {
        "account": {
          "lastFourDigit": "4123",
          "encAccntNumber": "1000129",
          "type": "S",
          "status": "[blank]",
          "cardHolderName": "hawkins",
          "creditLimit": "2500",
          "availableCredit": "1000",
          "currentBalance": "500",
          "pending": "1000"
        }
      },
      {
        "account": {
          "lastFourDigit": "5466",
          "encAccntNumber": "1000130",
          "type": "S",
          "status": "[blank]",
          "cardHolderName": "satya nadella",
          "creditLimit": "6000",
          "availableCredit": "3000",
          "currentBalance": "3000",
          "pending": "5012"
        }
      },
      {
        "account": {
          "lastFourDigit": "4123",
          "encAccntNumber": "1000131",
          "type": "S",
          "status": "[blank]",
          "cardHolderName": "fdfasd",
          "creditLimit": "34543",
          "availableCredit": "1000",
          "currentBalance": "1000",
          "pending": "500"
        }
      },
      {
        "account": {
          "lastFourDigit": "4252",
          "encAccntNumber": "1000132",
          "type": "S",
          "status": "[blank]",
          "cardHolderName": "sdghw qtgh",
          "creditLimit": "67565",
          "availableCredit": "1000",
          "currentBalance": "1000",
          "pending": "500"
        }
      },
      {
        "account": {
          "lastFourDigit": "1414",
          "encAccntNumber": "1000133",
          "type": "S",
          "status": "[blank]",
          "cardHolderName": "bbbbhb",
          "creditLimit": "16161",
          "availableCredit": "1000",
          "currentBalance": "1000",
          "pending": "500"
        }
      },
      {
        "account": {
          "lastFourDigit": "7212",
          "encAccntNumber": "1000134",
          "type": "S",
          "status": "[blank]",
          "cardHolderName": "uuuuu ",
          "creditLimit": "616161",
          "availableCredit": "1000",
          "currentBalance": "1000",
          "pending": "500"
        }
      },
      {
        "account": {
          "lastFourDigit": "2227",
          "encAccntNumber": "1000135",
          "type": "S",
          "status": "[blank]",
          "cardHolderName": "bbjkbkbb jkbjkb",
          "creditLimit": "66161",
          "availableCredit": "1000",
          "currentBalance": "1000",
          "pending": "500"
        }
      },
      {
        "account": {
          "lastFourDigit": "1728",
          "encAccntNumber": "1000136",
          "type": "S",
          "status": "[blank]",
          "cardHolderName": "bbbhbhbhbb jkbjkbjbhjb",
          "creditLimit": "9949",
          "availableCredit": "1000",
          "currentBalance": "1000",
          "pending": "500"
        }
      },
      {
        "account": {
          "lastFourDigit": "7939",
          "encAccntNumber": "1000137",
          "type": "S",
          "status": "Z",
          "cardHolderName": "vvfcgfbbb kbjkbnhkbkb",
          "creditLimit": "9799",
          "availableCredit": "1000",
          "currentBalance": "1000",
          "pending": "500"
        }
      },
      {
        "account": {
          "lastFourDigit": "0252",
          "encAccntNumber": "1000138",
          "type": "S",
          "status": "Z",
          "cardHolderName": "biohjbxscbb",
          "creditLimit": "5656651",
          "availableCredit": "1000",
          "currentBalance": "1000",
          "pending": "500"
        }
      },
      {
        "account": {
          "lastFourDigit": "3360",
          "encAccntNumber": "1000139",
          "type": "S",
          "status": "Z",
          "cardHolderName": "jiobnjkbjbkj",
          "creditLimit": "9489",
          "availableCredit": "1000",
          "currentBalance": "1000",
          "pending": "500"
        }
      },
      {
        "account": {
          "lastFourDigit": "8154",
          "encAccntNumber": "1000140",
          "type": "S",
          "status": "Z",
          "cardHolderName": "oibbbob",
          "creditLimit": "8978977",
          "availableCredit": "1000",
          "currentBalance": "1000",
          "pending": "500"
        }
      },
      {
        "account": {
          "lastFourDigit": "0789",
          "encAccntNumber": "1000141",
          "type": "S",
          "status": "A",
          "cardHolderName": "obobob",
          "creditLimit": "4515",
          "availableCredit": "1000",
          "currentBalance": "1000",
          "pending": "500"
        }
      },
      {
        "account": {
          "lastFourDigit": "4510",
          "encAccntNumber": "1000142",
          "type": "S",
          "status": "A",
          "cardHolderName": "dxvbvvbh",
          "creditLimit": "51554",
          "availableCredit": "1000",
          "currentBalance": "1000",
          "pending": "500"
        }
      },
      {
        "account": {
          "lastFourDigit": "5269",
          "encAccntNumber": "1000143",
          "type": "S",
          "status": "A",
          "cardHolderName": "iobnoibnnono",
          "creditLimit": "946",
          "availableCredit": "1000",
          "currentBalance": "1000",
          "pending": "500"
        }
      },
      {
        "account": {
          "lastFourDigit": "2839",
          "encAccntNumber": "1000144",
          "type": "S",
          "status": "A",
          "cardHolderName": "trshbhbhb",
          "creditLimit": "6161",
          "availableCredit": "1000",
          "currentBalance": "1000",
          "pending": "500"
        }
      },
      {
        "account": {
          "lastFourDigit": "7193",
          "encAccntNumber": "1000145",
          "type": "S",
          "status": "F",
          "cardHolderName": "iohuiih",
          "creditLimit": "61165",
          "availableCredit": "1000",
          "currentBalance": "1000",
          "pending": "500"
        }
      },
      {
        "account": {
          "lastFourDigit": "1093",
          "encAccntNumber": "1000146",
          "type": "S",
          "status": "F",
          "cardHolderName": "uihihhuh",
          "creditLimit": "6161",
          "availableCredit": "1000",
          "currentBalance": "1000",
          "pending": "500"
        }
      },
      {
        "account": {
          "lastFourDigit": "3023",
          "encAccntNumber": "1000147",
          "type": "S",
          "status": "F",
          "cardHolderName": "tytytyyyt",
          "creditLimit": "541561",
          "availableCredit": "1000",
          "currentBalance": "1000",
          "pending": "500"
        }
      },
      {
        "account": {
          "lastFourDigit": "3360",
          "encAccntNumber": "1000148",
          "type": "S",
          "status": "I",
          "cardHolderName": "yutryuiut",
          "creditLimit": "6161",
          "availableCredit": "1000",
          "currentBalance": "1000",
          "pending": "500"
        }
      },
      {
        "account": {
          "lastFourDigit": "8903",
          "encAccntNumber": "1000149",
          "type": "S",
          "status": "I",
          "cardHolderName": "yuyoyyryu",
          "creditLimit": "616",
          "availableCredit": "1000",
          "currentBalance": "1000",
          "pending": "500"
        }
      },
      {
        "account": {
          "lastFourDigit": "9651",
          "encAccntNumber": "1000150",
          "type": "S",
          "status": "I",
          "cardHolderName": "xssdddsdd",
          "creditLimit": "879546213",
          "availableCredit": "1000",
          "currentBalance": "1000",
          "pending": "500"
        }
      },
      {
        "account": {
          "lastFourDigit": "5845",
          "encAccntNumber": "1000151",
          "type": "S",
          "status": "I",
          "cardHolderName": "opopopoopo",
          "creditLimit": "2354",
          "availableCredit": "1000",
          "currentBalance": "1000",
          "pending": "500"
        }
      },
      {
        "account": {
          "lastFourDigit": "0148",
          "encAccntNumber": "1000152",
          "type": "S",
          "status": "Z",
          "cardHolderName": "uytrygf",
          "creditLimit": "89465.16",
          "availableCredit": "1000",
          "currentBalance": "1000",
          "pending": "500"
        }
      },
      {
        "account": {
          "lastFourDigit": "3360",
          "encAccntNumber": "1000153",
          "type": "S",
          "status": "Z",
          "cardHolderName": "unjhbbb",
          "creditLimit": "564546",
          "availableCredit": "1000",
          "currentBalance": "1000",
          "pending": "500"
        }
      },
      {
        "account": {
          "lastFourDigit": "8421",
          "encAccntNumber": "1000154",
          "type": "S",
          "status": "Z",
          "cardHolderName": "garfiels",
          "creditLimit": "174176.59",
          "availableCredit": "766153.25",
          "currentBalance": "568459.21",
          "pending": "59265.21"
        }
      },
      {
        "account": {
          "lastFourDigit": "6184",
          "encAccntNumber": "1000155",
          "type": "S",
          "status": "Z",
          "cardHolderName": "jerry",
          "creditLimit": "0251.56",
          "availableCredit": "510269.28",
          "currentBalance": "8402.26",
          "pending": "13546.21"
        }
      },
      {
        "account": {
          "lastFourDigit": "2864",
          "encAccntNumber": "1000156",
          "type": "S",
          "status": "A",
          "cardHolderName": "raj kumar",
          "creditLimit": "84019.81",
          "availableCredit": "54632.21",
          "currentBalance": "7139.01",
          "pending": "1973.13"
        }
      },
      {
        "account": {
          "lastFourDigit": "7386",
          "encAccntNumber": "1000157",
          "type": "S",
          "status": "A",
          "cardHolderName": "jagan",
          "creditLimit": "8945.56",
          "availableCredit": "86546.51",
          "currentBalance": "2354.21",
          "pending": "21546.51"
        }
      },
      {
        "account": {
          "lastFourDigit": "5115",
          "encAccntNumber": "1000158",
          "type": "S",
          "status": "A",
          "cardHolderName": "kishore",
          "creditLimit": "26845.15",
          "availableCredit": "568456.23",
          "currentBalance": "515689.23",
          "pending": "8653.21"
        }
      },
      {
        "account": {
          "lastFourDigit": "8624",
          "encAccntNumber": "1000159",
          "type": "S",
          "status": "A",
          "cardHolderName": "babu",
          "creditLimit": "5989.56",
          "availableCredit": "5649.51",
          "currentBalance": "562384.51",
          "pending": "592654.51"
        }
      },
      {
        "account": {
          "lastFourDigit": "8426",
          "encAccntNumber": "1000160",
          "type": "S",
          "status": "E",
          "cardHolderName": "santosh",
          "creditLimit": "784.51",
          "availableCredit": "26232.19",
          "currentBalance": "726.51",
          "pending": "5956.26"
        }
      },
      {
        "account": {
          "lastFourDigit": "5632",
          "encAccntNumber": "1000161",
          "type": "S",
          "status": "E",
          "cardHolderName": "vasu",
          "creditLimit": "9895.02",
          "availableCredit": "1465.21",
          "currentBalance": "1000.12",
          "pending": "897987"
        }
      },
      {
        "account": {
          "lastFourDigit": "2148",
          "encAccntNumber": "1000162",
          "type": "S",
          "status": "C",
          "cardHolderName": "potter",
          "creditLimit": "--",
          "availableCredit": "--",
          "currentBalance": "1000",
          "pending": "--"
        }
      },
      {
        "account": {
          "lastFourDigit": "5369",
          "encAccntNumber": "1000163",
          "type": "S",
          "status": "C",
          "cardHolderName": "harry",
          "creditLimit": "--",
          "availableCredit": "--",
          "currentBalance": "9665.98",
          "pending": "--"
        }
      },
      {
        "account": {
          "lastFourDigit": "0135",
          "encAccntNumber": "1000164",
          "type": "S",
          "status": "L",
          "cardHolderName": "voenr",
          "creditLimit": "--",
          "availableCredit": "--",
          "currentBalance": "--",
          "pending": "--"
        }
      },
      {
        "account": {
          "lastFourDigit": "8743",
          "encAccntNumber": "1000165",
          "type": "S",
          "status": "L",
          "cardHolderName": "tam",
          "creditLimit": "--",
          "availableCredit": "--",
          "currentBalance": "--",
          "pending": "--"
        }
      },
      {
        "account": {
          "lastFourDigit": "9870",
          "encAccntNumber": "1000166",
          "type": "S",
          "status": "U",
          "cardHolderName": "vinoth",
          "creditLimit": "--",
          "availableCredit": "--",
          "currentBalance": "--",
          "pending": "--"
        }
      },
      {
        "account": {
          "lastFourDigit": "9999",
          "encAccntNumber": "1000167",
          "type": "S",
          "status": "U",
          "cardHolderName": "asdfas",
          "creditLimit": "--",
          "availableCredit": "--",
          "currentBalance": "--",
          "pending": "--"
        }
      }
    ],
    "result": {
      "messageCode": "0",
      "message": "Account Detail retrieved successfully"
    }
  }
}
