{
    "data": {
        "newCards": [
            {
                "card": {
                    "id": "1234"
                },
                "result": {
                    "messageCode": "1",
                    "message": "dsafasd"
                }
            },
            {
                "card": {
                    "id": "123"
                },
                "result": {
                    "messageCode": "1",
                    "message": "dsafasd"
                }
            }
        ]
    }
}