{
  "data": {
    "cashAdvances": [
      {
        "cashAdvance": {
          "id": "1",
          "initiatorName": "vinoth"

        },
        "result": {
          "messageCode": "1",
          "message": "dsafasd"
        }
      },
      {
        "cashAdvance": {
          "id": "2",
          "initiatorName": "vinoth"

        },
        "result": {
          "messageCode": "0",
          "message": "dsafasd"
        }
      },
      {
        "cashAdvance": {
          "id": "3",
          "initiatorName": "vinoth"

        },
        "result": {
          "messageCode": "0",
          "message": "dsafasd"
        }
      },
      {
        "cashAdvance": {
          "id": "4",
          "initiatorName": "vinoth"

        },
        "result": {
          "messageCode": "1",
          "message": "dsafasd"
        }
      }
    ]
  }
}