{
  "data": {
    "spendLimits": [
      {
        "spendLimit": {
          "id": "1",
          "initiatorName":"vinoth"
        },
        "result": {
          "messageCode": "1",
          "message": "dsafasd"
        }
      },
      {
        "spendLimit": {
          "id": "2",
          "initiatorName":"vinoth"
        },
        "result": {
          "messageCode": "0",
          "message": "dsafasd"
        }
      },
      {
        "spendLimit": {
          "id": "3",
          "initiatorName":"vinoth"
        },
        "result": {
          "messageCode": "0",
          "message": "dsafasd"
        }
      },
      {
        "spendLimit": {
          "id": "4",
          "initiatorName":"vinoth"
        },
        "result": {
          "messageCode": "1",
          "message": "dsafasd"
        }
      }
    ]
  }
}